LOAD,P1,P2,P3,P4,P5,P6,P7,P8,P9,P10,P11,Q1,Q2,Q3,Q4,Q5,Q6,Q7,Q8,Q9,Q10,Q11
153,0,0,0,0,0,0,0,0,0,0,0,0,0,0,0,0,0,0,0,0,0,0
306,0,0,0,0,0,0,0,0,0,0,0,0,0,0,0,0,0,0,0,0,0,0
1,0,0,0,0,0,0,0,0,0,0,0,0,0,0,0,0,0,0,0,0,0,0
54,0,0,0,0,0,0,0,0,0,0,0,0,0,0,0,0,0,0,0,0,0,0
519,0,-0.0015020000000000033,0.0015020000000000033,-0.0015020000000000033,0.0015020000000000033,0.0015020000000000033,0.0015020000000000033,-0.0015020000000000033,0.0015020000000000033,-0.0015020000000000033,-0.0015020000000000033,0,-0.000619999999999999,-0.000619999999999999,0,0,0,0,0,0,0.0006200000000000025,0
101,0,0,0,0,0,0,0,0,0,0,0,0,0,0,0,0,0,0,0,0,0,0
371,0.033279999999999976,-0.033279999999999976,-0.033279999999999976,-0.033279999999999976,0.033279999999999976,0.033279999999999976,-0.033279999999999976,0.033279999999999976,-0.033279999999999976,0.033279999999999976,-0.033279999999999976,0,-0.010079999999999978,-0.010079999999999978,-0.010079999999999978,0.010079999999999978,0,-0.010079999999999978,0.010079999999999978,-0.010079999999999978,0.010079999999999978,-0.010079999999999978
41,0,0,0,0,0,0,0,0,0,0,0,0,0,0,0,0,0,0,0,0,0,0
464,0.00634800000000002,-0.00634800000000002,0.00634800000000002,-0.00634800000000002,0.00634800000000002,0.00634800000000002,0.00634800000000002,-0.00634800000000002,0.00634800000000002,-0.00634800000000002,-0.00634800000000002,0,-0.003480000000000011,0,0,0,0,0,0,0,0,-0.003480000000000011
65,0.016538000000000053,-0.016538000000000053,-0.016538000000000053,-0.016538000000000053,0.016538000000000053,0.016538000000000053,-0.016538000000000053,0.016538000000000053,-0.016538000000000053,0.016538000000000053,-0.016538000000000053,0,-0.004019999999999996,-0.004019999999999996,-0.004019999999999996,0.004019999999999996,0,-0.004019999999999996,0.004019999999999996,-0.004019999999999996,0.004019999999999996,-0.004019999999999996
475,0,0,0,0,0,0,0,0,0,0,0,0,0,0,0,0,0,0,0,0,0,0
593,0,0,0,0,0,0,0,0,0,0,0,0,0,0,0,0,0,0,0,0,0,0
447,0,0,0,0,0,0,0,0,0,0,0,0,0,0,0,0,0,0,0,0,0,0
335,0.01301399999999997,-0.01301399999999997,-0.01301399999999997,-0.01301399999999997,0.01301399999999997,0.01301399999999997,-0.01301399999999997,0.01301399999999997,-0.01301399999999997,0.01301399999999997,-0.01301399999999997,0,-0.0030000000000000027,-0.0030000000000000027,-0.0030000000000000027,0.0030000000000000027,0,-0.0030000000000000027,0.0030000000000000027,-0.0030000000000000027,0.0030000000000000027,-0.0030000000000000027
362,0.006608000000000003,-0.006608000000000003,0.006608000000000003,-0.006608000000000003,0.006608000000000003,0.006608000000000003,0.006608000000000003,-0.006608000000000003,0.006608000000000003,-0.006608000000000003,-0.006608000000000003,0,-0.002019999999999994,-0.002019999999999994,0,0,0,0,0.002019999999999994,-0.002019999999999994,0.002019999999999994,-0.002019999999999994
619,0,-0.0011019999999999988,0.0011019999999999988,-0.0011019999999999988,0.0011019999999999988,0.0011019999999999988,0.0011019999999999988,-0.0011019999999999988,0.0011019999999999988,0.0011019999999999988,-0.0011019999999999988,0,0,0,0,0,0,0,0,0,0,0
599,0.00792799999999999,-0.00792799999999999,-0.00792799999999999,-0.00792799999999999,0.00792799999999999,0.00792799999999999,-0.00792799999999999,0.00792799999999999,-0.00792799999999999,0.00792799999999999,-0.00792799999999999,0,-0.001920000000000005,-0.001920000000000005,-0.001920000000000005,0.001920000000000005,0,-0.001920000000000005,0.001920000000000005,-0.001920000000000005,0.001920000000000005,-0.001920000000000005
491,0,0,0,0,0,0,0,0,0,0,0,0,0,0,0,0,0,0,0,0,0,0
630,0,0,0,0,0,0,0,0,0,0,0,0,0,0,0,0,0,0,0,0,0,0
505,0,0,0,0,0,0,0,0,0,0,0,0,0,0,0,0,0,0,0,0,0,0
326,0,0,0,0,0,0,0,0,0,0,0,0,0,0,0,0,0,0,0,0,0,0
543,0,0,0,0,0,0,0,0,0,0,0,0,0,0,0,0,0,0,0,0,0,0
591,0.002844000000000013,-0.002844000000000013,0.002844000000000013,-0.002844000000000013,0.002844000000000013,0.002844000000000013,0.002844000000000013,-0.002844000000000013,0.002844000000000013,-0.002844000000000013,-0.002844000000000013,0,0,0,0,0,0,0,0,0,0,0
168,0,0,0,0,0,0,0,0,0,0,0,0,0,0,0,0,0,0,0,0,0,0
299,0,0,0,0,0,0,0,0,0,0,0,0,0,0,0,0,0,0,0,0,0,0
403,0.006547999999999998,0.006547999999999998,-0.006547999999999998,-0.006547999999999998,-0.006547999999999998,0.006547999999999998,-0.006547999999999998,-0.006547999999999998,0.006547999999999998,-0.006547999999999998,-0.006547999999999998,0,0,0,0,0,0,0,0,0,0,0
557,0,0,0,0,0,0,0,0,0,0,0,0,0,0,0,0,0,0,0,0,0,0
228,0.023385999999999907,-0.023385999999999907,-0.023385999999999907,-0.023385999999999907,0.023385999999999907,0.023385999999999907,-0.023385999999999907,0.023385999999999907,-0.023385999999999907,0.023385999999999907,-0.023385999999999907,0,-0.006720000000000004,-0.006720000000000004,-0.006720000000000004,0.006720000000000004,0,-0.006720000000000004,0.006720000000000004,-0.006720000000000004,0.006720000000000004,-0.006720000000000004
332,0.005226000000000008,-0.005226000000000008,0.005226000000000008,-0.005226000000000008,0.005226000000000008,0.005226000000000008,0.005226000000000008,-0.005226000000000008,0.005226000000000008,0.005226000000000008,-0.005226000000000008,0,-0.0005399999999999988,-0.0005399999999999988,0,0,0,0,0.0005399999999999988,0,0.0005399999999999988,0
190,0,0,0,0,0,0,0,0,0,0,0,0,0,0,0,0,0,0,0,0,0,0
227,0,0,0,0,0,0,0,0,0,0,0,0,0,0,0,0,0,0,0,0,0,0
270,0,0,0,0,0,0,0,0,0,0,0,0,0,0,0,0,0,0,0,0,0,0
159,0,0,0,0,0,0,0,0,0,0,0,0,0,0,0,0,0,0,0,0,0,0
476,0.005205999999999988,0.005205999999999988,-0.005205999999999988,-0.005205999999999988,-0.005205999999999988,0.005205999999999988,-0.005205999999999988,-0.005205999999999988,0.005205999999999988,-0.005205999999999988,-0.005205999999999988,0,0,0,0,0,0,0,0,0,0,0
536,0,0,0,0,0,0,0,0,0,0,0,0,0,0,0,0,0,0,0,0,0,0
223,0.022502000000000022,-0.022502000000000022,0.022502000000000022,-0.022502000000000022,0.022502000000000022,0.022502000000000022,0.022502000000000022,0.022502000000000022,-0.022502000000000022,0.022502000000000022,-0.022502000000000022,0,-0.0033019999999999994,-0.0033019999999999994,0,0,0,-0.0033019999999999994,0.0033019999999999994,-0.0033019999999999994,0.0033019999999999994,-0.0033019999999999994
453,0,0,0,0,0,0,0,0,0,0,0,0,0,0,0,0,0,0,0,0,0,0
531,0,0,0,0,0,0,0,0,0,0,0,0,0,0,0,0,0,0,0,0,0,0
88,0,0,0,0,0,0,0,0,0,0,0,0,0,0,0,0,0,0,0,0,0,0
467,0,0,0,0,0,0,0,0,0,0,0,0,0,0,0,0,0,0,0,0,0,0
297,0.008890000000000009,-0.008890000000000009,-0.008890000000000009,-0.008890000000000009,0.008890000000000009,0.008890000000000009,-0.008890000000000009,0.008890000000000009,-0.008890000000000009,0.008890000000000009,-0.008890000000000009,0,-0.0021800000000000014,-0.0021800000000000014,-0.0021800000000000014,0.0021800000000000014,0,-0.0021800000000000014,0.0021800000000000014,-0.0021800000000000014,0.0021800000000000014,-0.0021800000000000014
605,0,0,0,0,0,0,0,0,0,0,0,0,0,0,0,0,0,0,0,0,0,0
26,0,0,0,0,0,0,0,0,0,0,0,0,0,0,0,0,0,0,0,0,0,0
289,0,0,0,0,0,0,0,0,0,0,0,0,0,0,0,0,0,0,0,0,0,0
250,0,0,0,0,0,0,0,0,0,0,0,0,0,0,0,0,0,0,0,0,0,0
77,0.005265999999999993,-0.005265999999999993,-0.005265999999999993,-0.005265999999999993,0.005265999999999993,0.005265999999999993,0.005265999999999993,0.005265999999999993,-0.005265999999999993,0.005265999999999993,-0.005265999999999993,0,0,0,0,0,0,0,0,0,0,0
596,0,0,0,0,0,0,0,0,0,0,0,0,0,0,0,0,0,0,0,0,0,0
24,0.013966000000000034,-0.013966000000000034,0.013966000000000034,-0.013966000000000034,0.013966000000000034,0.013966000000000034,0.013966000000000034,-0.013966000000000034,0.013966000000000034,-0.013966000000000034,-0.013966000000000034,0,-0.003023999999999999,-0.003023999999999999,0,0,0,0,0.003023999999999999,-0.003023999999999999,0.003023999999999999,-0.003023999999999999
230,0,0,0,0,0,0,0,0,0,0,0,0,0,0,0,0,0,0,0,0,0,0
449,0,0,0,0,0,0,0,0,0,0,0,0,0,0,0,0,0,0,0,0,0,0
394,0,0,0,0,0,0,0,0,0,0,0,0,0,0,0,0,0,0,0,0,0,0
258,0.01579799999999998,-0.01579799999999998,-0.01579799999999998,-0.01579799999999998,0.01579799999999998,0.01579799999999998,-0.01579799999999998,0.01579799999999998,-0.01579799999999998,0.01579799999999998,-0.01579799999999998,0,-0.003239999999999993,0,0,0,0,0,0,0,0,0
328,0,0,0,0,0,0,0,0,0,0,0,0,0,0,0,0,0,0,0,0,0,0
204,0,0,0,0,0,0,0,0,0,0,0,0,0,0,0,0,0,0,0,0,0,0
416,0,0.002823999999999993,-0.002823999999999993,0.002823999999999993,-0.002823999999999993,0.002823999999999993,0,-0.002823999999999993,0.002823999999999993,-0.002823999999999993,0.002823999999999993,0,-0.0010399999999999993,0,0.0010399999999999993,0,0.0010399999999999993,0,0,0,0,0
23,0,0,0,0,0,0,0,0,0,0,0,0,0,0,0,0,0,0,0,0,0,0
160,0,0,0,0,0,0,0,0,0,0,0,0,0,0,0,0,0,0,0,0,0,0
561,0.016997999999999958,-0.016997999999999958,-0.016997999999999958,-0.016997999999999958,0.016997999999999958,0.016997999999999958,-0.016997999999999958,0.016997999999999958,-0.016997999999999958,0.016997999999999958,-0.016997999999999958,0,-0.003920000000000007,-0.003920000000000007,-0.003920000000000007,0.003920000000000007,0,-0.003920000000000007,0.003920000000000007,-0.003920000000000007,0.003920000000000007,-0.003920000000000007
387,0,0,0,0,0,0,0,0,0,0,0,0,0,0,0,0,0,0,0,0,0,0
620,-0.01499600000000001,0.01499600000000001,-0.01499600000000001,-0.01499600000000001,-0.01499600000000001,-0.01499600000000001,-0.01499600000000001,-0.01499600000000001,0.01499600000000001,-0.01499600000000001,0.01499600000000001,-0.0021000000000000046,0,0,0,0,0,0,0,0,0,0.0021000000000000046
450,0.018260000000000054,-0.018260000000000054,-0.018260000000000054,-0.018260000000000054,0.018260000000000054,0.018260000000000054,0.018260000000000054,0.018260000000000054,-0.018260000000000054,0.018260000000000054,-0.018260000000000054,0,0,0,0,0,0,0,0,0,0,0
359,0,0,0,0,0,0,0,0,0,0,0,0,0,0,0,0,0,0,0,0,0,0
149,0,0,0,0,0,0,0,0,0,0,0,0,0,0,0,0,0,0,0,0,0,0
666,0,0,0,0,0,0,0,0,0,0,0,0,0,0,0,0,0,0,0,0,0,0
59,0,0,0,0,0,0,0,0,0,0,0,0,0,0,0,0,0,0,0,0,0,0
586,0,0,0,0,0,0,0,0,0,0,0,0,0,0,0,0,0,0,0,0,0,0
184,0,0,0,0,0,0,0,0,0,0,0,0,0,0,0,0,0,0,0,0,0,0
635,0,0,0,0,0,0,0,0,0,0,0,0,0,0,0,0,0,0,0,0,0,0
43,0,0,0,0,0,0,0,0,0,0,0,0,0,0,0,0,0,0,0,0,0,0
253,0.015498000000000012,0.015498000000000012,-0.015498000000000012,0.015498000000000012,-0.015498000000000012,0.015498000000000012,-0.015498000000000012,-0.015498000000000012,0.015498000000000012,-0.015498000000000012,0.015498000000000012,0,-0.004280000000000006,0,0.004280000000000006,0,0.004280000000000006,0,0,0,0,0
122,0,0,0,0,0,0,0,0,0,0,0,0,0,0,0,0,0,0,0,0,0,0
302,0,0,0,0,0,0,0,0,0,0,0,0,0,0,0,0,0,0,0,0,0,0
175,0.006408000000000025,-0.006408000000000025,-0.006408000000000025,-0.006408000000000025,0.006408000000000025,0.006408000000000025,-0.006408000000000025,0.006408000000000025,-0.006408000000000025,0.006408000000000025,-0.006408000000000025,0,-0.0013200000000000017,-0.0013200000000000017,-0.0013200000000000017,0,0,-0.0013200000000000017,0.0013200000000000017,-0.0013200000000000017,0.0013200000000000017,-0.0013200000000000017
415,0,0,0,0,0,0,0,0,0,0,0,0,0,0,0,0,0,0,0,0,0,0
39,0,0,0,0,0,0,0,0,0,0,0,0,0,0,0,0,0,0,0,0,0,0
530,0,0,0,0,0,0,0,0,0,0,0,0,0,0,0,0,0,0,0,0,0,0
112,0,0,0,0,0,0,0,0,0,0,0,0,0,0,0,0,0,0,0,0,0,0
602,0.043239999999999945,-0.043239999999999945,-0.043239999999999945,-0.043239999999999945,0.043239999999999945,0.043239999999999945,-0.043239999999999945,0.043239999999999945,-0.043239999999999945,0.043239999999999945,-0.043239999999999945,0,-0.015059999999999962,-0.015059999999999962,-0.015059999999999962,0.015059999999999962,0,-0.015059999999999962,0.015059999999999962,-0.015059999999999962,0.015059999999999962,-0.015059999999999962
372,0,0,0,0,0,0,0,0,0,0,0,0,0,0,0,0,0,0,0,0,0,0
34,0,0,0,0,0,0,0,0,0,0,0,0,0,0,0,0,0,0,0,0,0,0
143,0,0,0,0,0,0,0,0,0,0,0,0,0,0,0,0,0,0,0,0,0,0
293,0.011108000000000007,-0.011108000000000007,0.011108000000000007,-0.011108000000000007,0.011108000000000007,0.011108000000000007,0.011108000000000007,-0.011108000000000007,0.011108000000000007,-0.011108000000000007,-0.011108000000000007,0,-0.003011999999999987,-0.003011999999999987,-0.003011999999999987,0.003011999999999987,0,0,0.003011999999999987,0,0.003011999999999987,-0.003011999999999987
501,0,0,0,0,0,0,0,0,0,0,0,0,0,0,0,0,0,0,0,0,0,0
421,0,0,0,0,0,0,0,0,0,0,0,0,0,0,0,0,0,0,0,0,0,0
137,0.014796000000000031,-0.014796000000000031,0.014796000000000031,-0.014796000000000031,0.014796000000000031,0.014796000000000031,0.014796000000000031,-0.014796000000000031,0.014796000000000031,-0.014796000000000031,-0.014796000000000031,0,-0.004500000000000004,-0.004500000000000004,-0.004500000000000004,0.004500000000000004,0,0,0.004500000000000004,-0.004500000000000004,0.004500000000000004,-0.004500000000000004
590,0,0,0,0,0,0,0,0,0,0,0,0,0,0,0,0,0,0,0,0,0,0
594,0,0,0,0,0,0,0,0,0,0,0,0,0,0,0,0,0,0,0,0,0,0
55,0,0,0,0,0,0,0,0,0,0,0,0,0,0,0,0,0,0,0,0,0,0
323,0,0,0,0,0,0,0,0,0,0,0,0,0,0,0,0,0,0,0,0,0,0
651,0.01770000000000005,-0.01770000000000005,-0.01770000000000005,-0.01770000000000005,0.01770000000000005,0.01770000000000005,-0.01770000000000005,0.01770000000000005,-0.01770000000000005,0.01770000000000005,-0.01770000000000005,0,-0.004899999999999988,-0.004899999999999988,-0.004899999999999988,0.004899999999999988,0,-0.004899999999999988,0.004899999999999988,-0.004899999999999988,0.004899999999999988,-0.004899999999999988
17,0,0,0,0,0,0,0,0,0,0,0,0,0,0,0,0,0,0,0,0,0,0
243,0.017240000000000033,-0.017240000000000033,-0.017240000000000033,-0.017240000000000033,0.017240000000000033,0.017240000000000033,0.017240000000000033,0.017240000000000033,-0.017240000000000033,0.017240000000000033,-0.017240000000000033,0,0,0,0,0,0,0,0,0,0,0
318,0,0,0,0,0,0,0,0,0,0,0,0,0,0,0,0,0,0,0,0,0,0
522,0,0,0,0,0,0,0,0,0,0,0,0,0,0,0,0,0,0,0,0,0,0
9,0,0,0,0,0,0,0,0,0,0,0,0,0,0,0,0,0,0,0,0,0,0
172,0,0,0,0,0,0,0,0,0,0,0,0,0,0,0,0,0,0,0,0,0,0
333,0.061484000000000094,0.061484000000000094,-0.061484000000000094,-0.061484000000000094,-0.061484000000000094,0.061484000000000094,-0.061484000000000094,-0.061484000000000094,0.061484000000000094,-0.061484000000000094,-0.061484000000000094,0,0,0,0,0,0,0,0,0,0,0
363,0,0,0,0,0,0,0,0,0,0,0,0,0,0,0,0,0,0,0,0,0,0
12,0.004746,-0.004746,0.004746,-0.004746,0.004746,0.004746,0.004746,-0.004746,0.004746,0.004746,-0.004746,0,-0.0025400000000000006,-0.0025400000000000006,0,0,0,0,0.0025399999999999867,-0.0025400000000000006,0.0025399999999999867,-0.0025400000000000006
192,0,0,0,0,0,0,0,0,0,0,0,0,0,0,0,0,0,0,0,0,0,0
552,0,0,0,0,0,0,0,0,0,0,0,0,0,0,0,0,0,0,0,0,0,0
357,0,0,0,0,0,0,0,0,0,0,0,0,0,0,0,0,0,0,0,0,0,0
514,0,0,0,0,0,0,0,0,0,0,0,0,0,0,0,0,0,0,0,0,0,0
350,0.008510000000000018,-0.008510000000000018,-0.008510000000000018,-0.008510000000000018,-0.008510000000000018,0.008510000000000018,-0.008510000000000018,-0.008510000000000018,0,0.008510000000000018,-0.008510000000000018,0,-0.0035199999999999954,0,0,0.0035199999999999954,0,0,0,0,0,0.0035199999999999954
252,0.01665799999999995,-0.01665799999999995,0.01665799999999995,-0.01665799999999995,0.01665799999999995,0.01665799999999995,0.01665799999999995,-0.01665799999999995,0.01665799999999995,-0.01665799999999995,-0.01665799999999995,0,-0.004819999999999991,0,0,0,0,0,0,0,0,-0.004819999999999991
550,0.006367999999999985,0.006367999999999985,-0.006367999999999985,-0.006367999999999985,-0.006367999999999985,-0.006367999999999985,-0.006367999999999985,-0.006367999999999985,0.006367999999999985,-0.006367999999999985,0.006367999999999985,0,0,0,0,0,0,0,0,0,0,0
660,0.015375999999999945,0.015375999999999945,-0.015375999999999945,-0.015375999999999945,-0.015375999999999945,-0.015375999999999945,-0.015375999999999945,-0.015375999999999945,0.015375999999999945,-0.015375999999999945,0.015375999999999945,0,0.003280000000000005,0,0,0.003280000000000005,0,0,0,0,0,0.003280000000000005
341,0,0,0,0,0,0,0,0,0,0,0,0,0,0,0,0,0,0,0,0,0,0
664,0,0,0,0,0,0,0,0,0,0,0,0,0,0,0,0,0,0,0,0,0,0
417,0,0,0,0,0,0,0,0,0,0,0,0,0,0,0,0,0,0,0,0,0,0
292,0.003963999999999995,-0.003963999999999995,-0.003963999999999995,-0.003963999999999995,0.003963999999999995,0.003963999999999995,-0.003963999999999995,0.003963999999999995,-0.003963999999999995,0.003963999999999995,-0.003963999999999995,0,-0.0021800000000000014,-0.0021800000000000014,-0.0021800000000000014,0,0,-0.0021800000000000014,0.0021800000000000014,-0.0021800000000000014,0.0021800000000000014,-0.0021800000000000014
462,0.0041039999999999965,-0.0041039999999999965,-0.0041039999999999965,-0.0041039999999999965,0.0041039999999999965,0.0041039999999999965,0,0.0041039999999999965,-0.0041039999999999965,0.0041039999999999965,-0.0041039999999999965,0,-0.0026599999999999957,-0.0026599999999999957,0,0,0,-0.0026599999999999957,0.0026599999999999957,-0.0026599999999999957,0.0026599999999999957,-0.0026599999999999957
20,0,0,0,0,0,0,0,0,0,0,0,0,0,0,0,0,0,0,0,0,0,0
533,0,0,0,0,0,0,0,0,0,0,0,0,0,0,0,0,0,0,0,0,0,0
598,0,0,0,0,0,0,0,0,0,0,0,0,0,0,0,0,0,0,0,0,0,0
426,0,0,0,0,0,0,0,0,0,0,0,0,0,0,0,0,0,0,0,0,0,0
539,0,0,0,0,0,0,0,0,0,0,0,0,0,0,0,0,0,0,0,0,0,0
14,0.006467999999999974,0.006467999999999974,-0.006467999999999974,-0.006467999999999974,-0.006467999999999974,-0.006467999999999974,-0.006467999999999974,-0.006467999999999974,0.006467999999999974,-0.006467999999999974,0.006467999999999974,0,0,0,0,0,0,0,0,0,0,0
167,0,0,0,0,0,0,0,0,0,0,0,0,0,0,0,0,0,0,0,0,0,0
613,0.03513999999999995,-0.03513999999999995,0.03513999999999995,-0.03513999999999995,0.03513999999999995,0.03513999999999995,0.03513999999999995,-0.03513999999999995,0.03513999999999995,-0.03513999999999995,-0.03513999999999995,0,-0.011240000000000028,-0.011240000000000028,-0.011240000000000028,0.011240000000000028,0,0,0.011240000000000028,0,0.011240000000000028,-0.011240000000000028
643,0,0,0,0,0,0,0,0,0,0,0,0,0,0,0,0,0,0,0,0,0,0
127,0,0,0,0,0,0,0,0,0,0,0,0,0,0,0,0,0,0,0,0,0,0
622,0,0,0,0,0,0,0,0,0,0,0,0,0,0,0,0,0,0,0,0,0,0
96,0,0,0,0,0,0,0,0,0,0,0,0,0,0,0,0,0,0,0,0,0,0
123,0.014755999999999991,-0.014755999999999991,0.014755999999999991,-0.014755999999999991,0.014755999999999991,0.014755999999999991,0.014755999999999991,-0.014755999999999991,0.014755999999999991,-0.014755999999999991,-0.014755999999999991,0,0,0,0,0,0,0,0,0,0,0
610,0.014535999999999993,-0.014535999999999993,-0.014535999999999993,-0.014535999999999993,0.014535999999999993,0.014535999999999993,-0.014535999999999993,0.014535999999999993,-0.014535999999999993,0.014535999999999993,-0.014535999999999993,0,-0.004860000000000003,-0.004860000000000003,-0.004860000000000003,0.004860000000000003,0,-0.004860000000000003,0.004860000000000003,-0.004860000000000003,0.004860000000000003,-0.004860000000000003
456,0,0,0,0,0,0,0,0,0,0,0,0,0,0,0,0,0,0,0,0,0,0
633,0.020240000000000036,-0.020240000000000036,-0.020240000000000036,-0.020240000000000036,0.020240000000000036,0.020240000000000036,-0.020240000000000036,-0.020240000000000036,-0.020240000000000036,0.020240000000000036,-0.020240000000000036,0,-0.0005800000000000007,-0.0005800000000000007,0,0.0005800000000000007,0,0,0,0,0.0005800000000000007,0.0005800000000000007
177,0,0,0,0,0,0,0,0,0,0,0,0,0,0,0,0,0,0,0,0,0,0
254,0,0,0,0,0,0,0,0,0,0,0,0,0,0,0,0,0,0,0,0,0,0
510,0.008929999999999993,-0.008929999999999993,-0.008929999999999993,-0.008929999999999993,0.008929999999999993,0.008929999999999993,-0.008929999999999993,0.008929999999999993,-0.008929999999999993,0.008929999999999993,-0.008929999999999993,0,-0.0017599999999999977,-0.0017599999999999977,-0.0017599999999999977,0.0017599999999999977,0,-0.0017599999999999977,0.0017599999999999977,-0.0017599999999999977,0.0017599999999999977,-0.0017599999999999977
257,0,0,0,0,0,0,0,0,0,0,0,0,0,0,0,0,0,0,0,0,0,0
616,0,0,0,0,0,0,0,0,0,0,0,0,0,0,0,0,0,0,0,0,0,0
300,0,0,0,0,0,0,0,0,0,0,0,0,0,0,0,0,0,0,0,0,0,0
19,0,0,0,0,0,0,0,0,0,0,0,0,0,0,0,0,0,0,0,0,0,0
179,0.01938200000000001,-0.01938200000000001,0.01938200000000001,-0.01938200000000001,0.01938200000000001,0.01938200000000001,0.01938200000000001,-0.01938200000000001,0.01938200000000001,0.01938200000000001,-0.01938200000000001,0,-0.0027800000000000047,0,0,0,0,0,0,0,0,-0.0027800000000000047
673,0,0,0,0,0,0,0,0,0,0,0,0,0,0,0,0,0,0,0,0,0,0
242,0,0,0,0,0,0,0,0,0,0,0,0,0,0,0,0,0,0,0,0,0,0
601,0,0,0,0,0,0,0,0,0,0,0,0,0,0,0,0,0,0,0,0,0,0
396,0,0,0,0,0,0,0,0,0,0,0,0,0,0,0,0,0,0,0,0,0,0
260,0,0,0,0,0,0,0,0,0,0,0,0,0,0,0,0,0,0,0,0,0,0
495,0,0,0,0,0,0,0,0,0,0,0,0,0,0,0,0,0,0,0,0,0,0
239,0,0,0,0,0,0,0,0,0,0,0,0,0,0,0,0,0,0,0,0,0,0
35,0.025819999999999954,-0.025819999999999954,0.025819999999999954,-0.025819999999999954,0.025819999999999954,0.025819999999999954,0.025819999999999954,-0.025819999999999954,0.025819999999999954,0.025819999999999954,-0.025819999999999954,0,0,0,0,0,0,0,0,0,0,0
423,0,0,0,0,0,0,0,0,0,0,0,0,0,0,0,0,0,0,0,0,0,0
317,0,0,0,0,0,0,0,0,0,0,0,0,0,0,0,0,0,0,0,0,0,0
197,0.012593999999999994,-0.012593999999999994,0.012593999999999994,-0.012593999999999994,0.012593999999999994,0.012593999999999994,0.012593999999999994,-0.012593999999999994,0.012593999999999994,-0.012593999999999994,-0.012593999999999994,0,-0.003480000000000011,-0.003480000000000011,0,0,0,0,0.003480000000000011,-0.003480000000000011,0.003480000000000011,-0.003480000000000011
131,0.012431999999999999,-0.012431999999999999,0.012431999999999999,-0.012431999999999999,0.012431999999999999,0.012431999999999999,0.012431999999999999,-0.012431999999999999,0.012431999999999999,-0.012431999999999999,-0.012431999999999999,0,0,0,0,0,0,0,0,0,0,0
488,0.009550000000000003,0.009550000000000003,-0.009550000000000003,0.009550000000000003,-0.009550000000000003,0.009550000000000003,-0.009550000000000003,-0.009550000000000003,0.009550000000000003,-0.009550000000000003,0.009550000000000003,0,-0.0021999999999999936,0,0.0021999999999999936,0,0,0,0,0,0,-0.0021999999999999936
401,0,0,0,0,0,0,0,0,0,0,0,0,0,0,0,0,0,0,0,0,0,0
525,0,0,0,0,0,0,0,0,0,0,0,0,0,0,0,0,0,0,0,0,0,0
276,0,0,0,0,0,0,0,0,0,0,0,0,0,0,0,0,0,0,0,0,0,0
316,0,0,0,0,0,0,0,0,0,0,0,0,0,0,0,0,0,0,0,0,0,0
365,0,0,0,0,0,0,0,0,0,0,0,0,0,0,0,0,0,0,0,0,0,0
458,0,0,0,0,0,0,0,0,0,0,0,0,0,0,0,0,0,0,0,0,0,0
463,0.028240000000000043,-0.028240000000000043,-0.028240000000000043,-0.028240000000000043,0.028240000000000043,0.028240000000000043,-0.028240000000000043,-0.028240000000000043,0.028240000000000043,-0.028240000000000043,-0.028240000000000043,0,-0.006960000000000022,-0.006960000000000022,-0.006960000000000022,0,0,0,0.006960000000000022,-0.006960000000000022,0.006960000000000022,0.006960000000000022
494,0,0,0,0,0,0,0,0,0,0,0,0,0,0,0,0,0,0,0,0,0,0
556,0,0,0,0,0,0,0,0,0,0,0,0,0,0,0,0,0,0,0,0,0,0
21,0,0,0,0,0,0,0,0,0,0,0,0,0,0,0,0,0,0,0,0,0,0
617,0,0,0,0,0,0,0,0,0,0,0,0,0,0,0,0,0,0,0,0,0,0
263,0.0198600000000001,-0.01985999999999999,-0.01985999999999999,-0.01985999999999999,0.0198600000000001,0.0198600000000001,-0.01985999999999999,0.0198600000000001,-0.01985999999999999,0.0198600000000001,-0.01985999999999999,0,-0.0046599999999999975,-0.0046599999999999975,-0.0046599999999999975,0.0046599999999999975,0,-0.0046599999999999975,0.0046599999999999975,-0.0046599999999999975,0.0046599999999999975,-0.0046599999999999975
83,0.005966000000000027,-0.005966000000000027,-0.005966000000000027,-0.005966000000000027,0.005966000000000027,0.005966000000000027,-0.005966000000000027,0.005966000000000027,-0.005966000000000027,0.005966000000000027,-0.005966000000000027,0,-0.001460000000000003,-0.001460000000000003,0,0,0,-0.001460000000000003,0.001460000000000003,-0.001460000000000003,0.001460000000000003,-0.001460000000000003
244,0,0.0017019999999999952,-0.0017019999999999952,0.0017019999999999952,-0.0017019999999999952,0.0017019999999999952,0,-0.0017019999999999952,0.0017019999999999952,-0.0017019999999999952,0.0017019999999999952,0,-0.0006400000000000017,0,0.0006400000000000017,0,0,0,0,0,0,0
582,0.01758000000000004,-0.01758000000000004,0.01758000000000004,-0.01758000000000004,0.01758000000000004,0.01758000000000004,0.01758000000000004,-0.01758000000000004,0.01758000000000004,0.01758000000000004,-0.01758000000000004,0,-0.005859999999999976,0.005859999999999976,0,0,0,0,0,0,0,-0.005859999999999976
668,0,0.0004860000000000003,-0.0004860000000000003,-0.0004860000000000003,-0.0004860000000000003,0.0004860000000000003,0,-0.0004860000000000003,0.0004860000000000003,-0.0004860000000000003,0.0004860000000000003,0,0,0,0,0,0,0,0,0,0,0
45,0,0,0,0,0,0,0,0,0,0,0,0,0,0,0,0,0,0,0,0,0,0
295,0,0,0,0,0,0,0,0,0,0,0,0,0,0,0,0,0,0,0,0,0,0
139,0,0,0,0,0,0,0,0,0,0,0,0,0,0,0,0,0,0,0,0,0,0
181,0,0,0,0,0,0,0,0,0,0,0,0,0,0,0,0,0,0,0,0,0,0
436,0.018623999999999974,0.018623999999999974,-0.018623999999999974,-0.018623999999999974,-0.018623999999999974,-0.018623999999999974,-0.018623999999999974,-0.018623999999999974,0.018623999999999974,-0.018623999999999974,0.018623999999999974,0,0,0,0,0,0,0,0,0,0,0
386,0.014155999999999946,-0.014155999999999946,0.014155999999999946,-0.014155999999999946,0.014155999999999946,0.014155999999999946,0.014155999999999946,-0.014155999999999946,0.014155999999999946,-0.014155999999999946,-0.014155999999999946,0,-0.005599999999999994,-0.005599999999999994,-0.005599999999999994,0.005599999999999994,0,0,0.005599999999999994,-0.005599999999999994,0.005599999999999994,-0.005599999999999994
527,0,0,0,0,0,0,0,0,0,0,0,0,0,0,0,0,0,0,0,0,0,0
368,0.00564199999999998,0.00564199999999998,-0.00564199999999998,-0.00564199999999998,-0.00564199999999998,0.00564199999999998,-0.00564199999999998,-0.00564199999999998,0.00564199999999998,-0.00564199999999998,-0.00564199999999998,0,0,0,0,0,0,0,0,0,0,0
558,0,0,0,0,0,0,0,0,0,0,0,0,0,0,0,0,0,0,0,0,0,0
440,0.012133999999999978,-0.012133999999999978,-0.012133999999999978,-0.012133999999999978,0.012133999999999978,0.012133999999999978,-0.012133999999999978,0.012133999999999978,-0.012133999999999978,0.012133999999999978,-0.012133999999999978,0,-0.006639999999999979,-0.006639999999999979,-0.006639999999999979,0.006639999999999979,0,-0.006639999999999979,0.006639999999999979,-0.006639999999999979,0.006639999999999979,-0.006639999999999979
85,0.003243999999999997,-0.003243999999999997,-0.003243999999999997,-0.003243999999999997,0.003243999999999997,0.003243999999999997,0,0.003243999999999997,-0.003243999999999997,0.003243999999999997,-0.003243999999999997,0,-0.00040000000000000105,-0.00040000000000000105,-0.00040000000000000105,0,0,0,0.00040000000000000105,-0.00040000000000000105,0.00040000000000000105,-0.00040000000000000105
568,0,0,0,0,0,0,0,0,0,0,0,0,0,0,0,0,0,0,0,0,0,0
413,0,0,0,0,0,0,0,0,0,0,0,0,0,0,0,0,0,0,0,0,0,0
545,0,0,0,0,0,0,0,0,0,0,0,0,0,0,0,0,0,0,0,0,0,0
3,0.026799999999999935,-0.026799999999999935,-0.026799999999999935,-0.026799999999999935,0.026799999999999935,0.026799999999999935,-0.026799999999999935,0.026799999999999935,-0.026799999999999935,0.026799999999999935,-0.026799999999999935,0,-0.00494,-0.00494,-0.00494,0.00494,0,-0.00494,0.00494,-0.00494,0.00494,-0.00494
105,0.006186000000000025,-0.006186000000000025,-0.006186000000000025,-0.006186000000000025,0.006186000000000025,0.006186000000000025,-0.006186000000000025,0.006186000000000025,-0.006186000000000025,0.006186000000000025,-0.006186000000000025,0,-0.0015199999999999936,-0.0015199999999999936,-0.0015199999999999936,0,0,-0.0015199999999999936,0.0015199999999999936,-0.0015199999999999936,0.0015199999999999936,-0.0015199999999999936
547,0,0,0,0,0,0,0,0,0,0,0,0,0,0,0,0,0,0,0,0,0,0
81,0,0,0,0,0,0,0,0,0,0,0,0,0,0,0,0,0,0,0,0,0,0
400,0,0,0,0,0,0,0,0,0,0,0,0,0,0,0,0,0,0,0,0,0,0
30,0,0,0,0,0,0,0,0,0,0,0,0,0,0,0,0,0,0,0,0,0,0
309,0.007267999999999997,-0.007267999999999997,0.007267999999999997,-0.007267999999999997,0.007267999999999997,0.007267999999999997,0.007267999999999997,-0.007267999999999997,0.007267999999999997,0.007267999999999997,-0.007267999999999997,0,0,0.0020799999999999985,0,0,0,0,0,0,0,0
480,0,0,0,0,0,0,0,0,0,0,0,0,0,0,0,0,0,0,0,0,0,0
569,0.011212,-0.011212,0.011212,-0.011212,0.011212,0.011212,0.011212,-0.011212,0.011212,-0.011212,-0.011212,0,-0.0033999999999999864,0,0,0,0,0,0,0,0,-0.0033999999999999864
482,0.02747999999999995,-0.02747999999999995,-0.02747999999999995,-0.02747999999999995,0.02747999999999995,0.02747999999999995,-0.02747999999999995,0.02747999999999995,-0.02747999999999995,0.02747999999999995,-0.02747999999999995,0,-0.0047800000000000065,-0.0047800000000000065,-0.0047800000000000065,0.0047800000000000065,0,-0.0047800000000000065,0.0047800000000000065,-0.0047800000000000065,0.0047800000000000065,-0.0047800000000000065
642,0,0,0,0,0,0,0,0,0,0,0,0,0,0,0,0,0,0,0,0,0,0
589,0.008087999999999984,-0.008087999999999984,-0.008087999999999984,-0.008087999999999984,-0.008087999999999984,0.008087999999999984,-0.008087999999999984,-0.008087999999999984,0,0.008087999999999984,-0.008087999999999984,0,0,0,0,0,0,0,0,0,0,0
549,0.013233999999999968,0.013233999999999968,-0.013233999999999968,0.013233999999999968,-0.013233999999999968,0.013233999999999968,-0.013233999999999968,-0.013233999999999968,0.013233999999999968,-0.013233999999999968,0.013233999999999968,0,-0.005479999999999985,0,0.005479999999999985,0,0.005479999999999985,0,0,0,0,0
296,0.026100000000000012,-0.026100000000000012,-0.026100000000000012,-0.026100000000000012,0.026100000000000012,0.026100000000000012,-0.026100000000000012,0.026100000000000012,-0.026100000000000012,0.026100000000000012,-0.026100000000000012,0,-0.00494,-0.00494,-0.00494,0.00494,0,-0.00494,0.00494,-0.00494,0.00494,-0.00494
392,0,0,0,0,0,0,0,0,0,0,0,0,0,0,0,0,0,0,0,0,0,0
27,0.0027639999999999887,-0.0027639999999999887,0,-0.0027639999999999887,-0.0027639999999999887,0.0027639999999999887,0,-0.0027639999999999887,0.0027639999999999887,-0.0027639999999999887,0.0027639999999999887,0,-0.00028000000000000073,0,0,0,0,0,0.00028000000000000073,0,0.00028000000000000073,-0.00028000000000000073
75,0,0,0,0,0,0,0,0,0,0,0,0,0,0,0,0,0,0,0,0,0,0
503,0,0,0,0,0,0,0,0,0,0,0,0,0,0,0,0,0,0,0,0,0,0
624,0,0,0,0,0,0,0,0,0,0,0,0,0,0,0,0,0,0,0,0,0,0
625,0,0,0,0,0,0,0,0,0,0,0,0,0,0,0,0,0,0,0,0,0,0
50,0.009064000000000016,0.009064000000000016,-0.009064000000000016,-0.009064000000000016,-0.009064000000000016,0.009064000000000016,0,-0.009064000000000016,0.009064000000000016,-0.009064000000000016,0.009064000000000016,0,0,0,0,0,0,0,0,0,0,0
669,0,0,0,0,0,0,0,0,0,0,0,0,0,0,0,0,0,0,0,0,0,0
526,0.012333999999999956,-0.012333999999999956,0.012333999999999956,-0.012333999999999956,0.012333999999999956,0.012333999999999956,0.012333999999999956,-0.012333999999999956,0.012333999999999956,0.012333999999999956,-0.012333999999999956,0,-0.003260000000000013,0,0,0,0,0,0,0,0,0
460,0,0,0,0,0,0,0,0,0,0,0,0,0,0,0,0,0,0,0,0,0,0
162,0,0,0,0,0,0,0,0,0,0,0,0,0,0,0,0,0,0,0,0,0,0
63,0,0,0,0,0,0,0,0,0,0,0,0,0,0,0,0,0,0,0,0,0,0
537,0,0,0,0,0,0,0,0,0,0,0,0,0,0,0,0,0,0,0,0,0,0
303,0.017859999999999987,0.017859999999999987,-0.017859999999999987,-0.017859999999999987,-0.017859999999999987,0.017859999999999987,-0.017859999999999987,-0.017859999999999987,0.017859999999999987,-0.017859999999999987,-0.017859999999999987,0,-0.005019999999999997,0,0,0,0,0,0,0,0,-0.005019999999999997
92,0,0,0,0,0,0,0,0,0,0,0,0,0,0,0,0,0,0,0,0,0,0
422,0,0,0,0,0,0,0,0,0,0,0,0,0,0,0,0,0,0,0,0,0,0
648,0,0,0,0,0,0,0,0,0,0,0,0,0,0,0,0,0,0,0,0,0,0
208,-0.01111200000000001,0.01111200000000001,-0.01111200000000001,-0.01111200000000001,-0.01111200000000001,-0.01111200000000001,-0.01111200000000001,-0.01111200000000001,0.01111200000000001,-0.01111200000000001,0.01111200000000001,0,0,0,0,0,0,0,0,0,0,0
214,0,0,0,0,0,0,0,0,0,0,0,0,0,0,0,0,0,0,0,0,0,0
573,0.01011200000000001,0.01011200000000001,-0.01011200000000001,0.01011200000000001,-0.01011200000000001,0.01011200000000001,-0.01011200000000001,-0.01011200000000001,0.01011200000000001,-0.01011200000000001,0.01011200000000001,0,-0.0016199999999999964,0,0.0016199999999999964,0,0.0016199999999999964,0,0,0,0,0
120,0.01381600000000005,-0.01381600000000005,-0.01381600000000005,-0.01381600000000005,0.01381600000000005,0.01381600000000005,-0.01381600000000005,0.01381600000000005,-0.01381600000000005,0.01381600000000005,-0.01381600000000005,0,-0.004299999999999998,-0.004299999999999998,-0.004299999999999998,0.004299999999999998,0,-0.004299999999999998,0.004299999999999998,-0.004299999999999998,0.004299999999999998,-0.004299999999999998
224,0,0,0,0,0,0,0,0,0,0,0,0,0,0,0,0,0,0,0,0,0,0
87,0,-0.002481999999999998,0.002481999999999998,-0.002481999999999998,0.002481999999999998,0.002481999999999998,0.002481999999999998,-0.002481999999999998,0.002481999999999998,0.002481999999999998,-0.002481999999999998,0,0,0,0,0,0,0,0,0,0,0
671,0,0,0,0,0,0,0,0,0,0,0,0,0,0,0,0,0,0,0,0,0,0
117,0,0,0,0,0,0,0,0,0,0,0,0,0,0,0,0,0,0,0,0,0,0
255,0,0,0,0,0,0,0,0,0,0,0,0,0,0,0,0,0,0,0,0,0,0
499,0,0,0,0,0,0,0,0,0,0,0,0,0,0,0,0,0,0,0,0,0,0
178,0.02068000000000003,-0.02068000000000003,-0.02068000000000003,-0.02068000000000003,0.02068000000000003,0.02068000000000003,-0.02068000000000003,0.02068000000000003,-0.02068000000000003,0.02068000000000003,-0.02068000000000003,0,-0.005400000000000016,-0.005400000000000016,-0.005400000000000016,0.005400000000000016,0,-0.005400000000000016,0.005400000000000016,-0.005400000000000016,0.005400000000000016,-0.005400000000000016
544,0.01577799999999996,-0.01577799999999996,0.01577799999999996,-0.01577799999999996,0.01577799999999996,0.01577799999999996,0.01577799999999996,-0.01577799999999996,0.01577799999999996,-0.01577799999999996,-0.01577799999999996,0,-0.009120000000000017,-0.009120000000000017,-0.009120000000000017,0.009120000000000017,0,0,0.009120000000000017,0,0.009120000000000017,-0.009120000000000017
275,0.00562600000000002,0.00562600000000002,-0.00562600000000002,-0.00562600000000002,-0.00562600000000002,0.00562600000000002,-0.00562600000000002,-0.00562600000000002,0.00562600000000002,-0.00562600000000002,-0.00562600000000002,0,0,0,0,0,0,0,0,0,0,0
89,0,0,0,0,0,0,0,0,0,0,0,0,0,0,0,0,0,0,0,0,0,0
176,0.00792799999999999,0.00792799999999999,-0.00792799999999999,-0.00792799999999999,-0.00792799999999999,-0.00792799999999999,-0.00792799999999999,-0.00792799999999999,0.00792799999999999,-0.00792799999999999,0.00792799999999999,0,0,0,0,0,0,0,0,0,0,0
182,0,0,0,0,0,0,0,0,0,0,0,0,0,0,0,0,0,0,0,0,0,0
496,0,0,0,0,0,0,0,0,0,0,0,0,0,0,0,0,0,0,0,0,0,0
225,0,0.0004399999999999994,-0.0004399999999999994,-0.0004399999999999994,-0.0004399999999999994,-0.0004399999999999994,0,-0.0004399999999999994,0.0004399999999999994,-0.0004399999999999994,0.0004399999999999994,0,0,0,0,0,0,0,0,0,0,0
195,0.03185400000000005,-0.03185400000000005,0.03185400000000005,-0.03185400000000005,0.03185400000000005,0.03185400000000005,0.03185400000000005,-0.03185400000000005,0.03185400000000005,0.03185400000000005,-0.03185400000000005,0,-0.007662000000000002,-0.007662000000000002,-0.007662000000000002,0.007662000000000002,0,0,0.007662000000000002,0,0.007662000000000002,-0.007662000000000002
516,0,0,0,0,0,0,0,0,0,0,0,0,0,0,0,0,0,0,0,0,0,0
554,0,0,0,0,0,0,0,0,0,0,0,0,0,0,0,0,0,0,0,0,0,0
623,0,0,0,0,0,0,0,0,0,0,0,0,0,0,0,0,0,0,0,0,0,0
286,-0.015498000000000012,0.015498000000000012,-0.015498000000000012,-0.015498000000000012,-0.015498000000000012,-0.015498000000000012,-0.015498000000000012,-0.015498000000000012,0.015498000000000012,-0.015498000000000012,0.015498000000000012,-0.003459999999999991,0,0,0,0,-0.003459999999999991,0,0,0,0,0.003459999999999991
249,0,0,0,0,0,0,0,0,0,0,0,0,0,0,0,0,0,0,0,0,0,0
485,0,0,0,0,0,0,0,0,0,0,0,0,0,0,0,0,0,0,0,0,0,0
636,0,0,0,0,0,0,0,0,0,0,0,0,0,0,0,0,0,0,0,0,0,0
442,0,0,0,0,0,0,0,0,0,0,0,0,0,0,0,0,0,0,0,0,0,0
562,0,0,0,0,0,0,0,0,0,0,0,0,0,0,0,0,0,0,0,0,0,0
161,0,0,0,0,0,0,0,0,0,0,0,0,0,0,0,0,0,0,0,0,0,0
202,0,0,0,0,0,0,0,0,0,0,0,0,0,0,0,0,0,0,0,0,0,0
346,0,0,0,0,0,0,0,0,0,0,0,0,0,0,0,0,0,0,0,0,0,0
542,0,0,0,0,0,0,0,0,0,0,0,0,0,0,0,0,0,0,0,0,0,0
638,0,0,0,0,0,0,0,0,0,0,0,0,0,0,0,0,0,0,0,0,0,0
389,0,0,0,0,0,0,0,0,0,0,0,0,0,0,0,0,0,0,0,0,0,0
654,0,0,0,0,0,0,0,0,0,0,0,0,0,0,0,0,0,0,0,0,0,0
459,0,0,0,0,0,0,0,0,0,0,0,0,0,0,0,0,0,0,0,0,0,0
465,0,0,0,0,0,0,0,0,0,0,0,0,0,0,0,0,0,0,0,0,0,0
146,0,0,0,0,0,0,0,0,0,0,0,0,0,0,0,0,0,0,0,0,0,0
652,0,0,0,0,0,0,0,0,0,0,0,0,0,0,0,0,0,0,0,0,0,0
219,0,0,0,0,0,0,0,0,0,0,0,0,0,0,0,0,0,0,0,0,0,0
559,0,0,0,0,0,0,0,0,0,0,0,0,0,0,0,0,0,0,0,0,0,0
256,0,0,0,0,0,0,0,0,0,0,0,0,0,0,0,0,0,0,0,0,0,0
142,0,0,0,0,0,0,0,0,0,0,0,0,0,0,0,0,0,0,0,0,0,0
637,0,0,0,0,0,0,0,0,0,0,0,0,0,0,0,0,0,0,0,0,0,0
291,0,0,0,0,0,0,0,0,0,0,0,0,0,0,0,0,0,0,0,0,0,0
203,0,0,0,0,0,0,0,0,0,0,0,0,0,0,0,0,0,0,0,0,0,0
80,0,0,0,0,0,0,0,0,0,0,0,0,0,0,0,0,0,0,0,0,0,0
308,0,0,0,0,0,0,0,0,0,0,0,0,0,0,0,0,0,0,0,0,0,0
360,0,0,0,0,0,0,0,0,0,0,0,0,0,0,0,0,0,0,0,0,0,0
432,0,0,0,0,0,0,0,0,0,0,0,0,0,0,0,0,0,0,0,0,0,0
113,0,0,0,0,0,0,0,0,0,0,0,0,0,0,0,0,0,0,0,0,0,0
110,0,0,0,0,0,0,0,0,0,0,0,0,0,0,0,0,0,0,0,0,0,0
418,0,0,0,0,0,0,0,0,0,0,0,0,0,0,0,0,0,0,0,0,0,0
492,0,0,0,0,0,0,0,0,0,0,0,0,0,0,0,0,0,0,0,0,0,0
445,0.04638000000000009,-0.04638000000000009,-0.04638000000000009,-0.04638000000000009,0.04638000000000009,0.04638000000000009,-0.04638000000000009,-0.04638000000000009,-0.04638000000000009,0.04638000000000009,-0.04638000000000009,0,-0.005520000000000025,-0.005520000000000025,-0.005520000000000025,0.005520000000000025,0,-0.005520000000000025,0.005520000000000025,-0.005520000000000025,0.005520000000000025,0.005520000000000025
431,0.041612000000000204,-0.041612000000000204,0.041612000000000204,-0.041612000000000204,0.041612000000000204,0.041612000000000204,0.041612000000000204,-0.041612000000000204,0.041612000000000204,0.041612000000000204,-0.041612000000000204,0,-0.007319999999999993,0.007319999999999993,-0.007319999999999993,0.007319999999999993,0,0,0.007319999999999993,0.007319999999999993,0.007319999999999993,-0.007319999999999993
322,0,0,0,0,0,0,0,0,0,0,0,0,0,0,0,0,0,0,0,0,0,0
269,0,0,0,0,0,0,0,0,0,0,0,0,0,0,0,0,0,0,0,0,0,0
157,0,0.0006400000000000017,-0.0006400000000000017,-0.0006400000000000017,-0.0006400000000000017,0.0006400000000000017,0,-0.0006400000000000017,0.0006400000000000017,0,-0.0006400000000000017,0,0,0,0,0,0,0,0,0,0,0
606,0,0,0,0,0,0,0,0,0,0,0,0,0,0,0,0,0,0,0,0,0,0
588,0.007807999999999982,0.007807999999999982,-0.007807999999999982,-0.007807999999999982,-0.007807999999999982,0.007807999999999982,-0.007807999999999982,-0.007807999999999982,0.007807999999999982,-0.007807999999999982,-0.007807999999999982,0,-0.002620000000000011,0,0,0,0,0,0,0,0,-0.002620000000000011
520,0,0,0,0,0,0,0,0,0,0,0,0,0,0,0,0,0,0,0,0,0,0
555,0,0,0,0,0,0,0,0,0,0,0,0,0,0,0,0,0,0,0,0,0,0
57,0.01391600000000004,-0.01391600000000004,-0.01391600000000004,-0.01391600000000004,0.01391600000000004,0.01391600000000004,-0.01391600000000004,0.01391600000000004,-0.01391600000000004,0.01391600000000004,-0.01391600000000004,0,-0.0032000000000000084,-0.0032000000000000084,-0.0032000000000000084,0.0032000000000000084,0,-0.0032000000000000084,0.0032000000000000084,-0.0032000000000000084,0.0032000000000000084,-0.0032000000000000084
165,0,0,0,0,0,0,0,0,0,0,0,0,0,0,0,0,0,0,0,0,0,0
231,0,0,0,0,0,0,0,0,0,0,0,0,0,0,0,0,0,0,0,0,0,0
663,0.01011200000000001,-0.01011200000000001,0.01011200000000001,-0.01011200000000001,0.01011200000000001,0.01011200000000001,0.01011200000000001,-0.01011200000000001,0.01011200000000001,-0.01011200000000001,-0.01011200000000001,0,-0.0017400000000000054,-0.0017400000000000054,0,0,0,0,0,0,0.0017400000000000054,-0.0017400000000000054
384,0.006186000000000025,-0.006186000000000025,-0.006186000000000025,-0.006186000000000025,-0.006186000000000025,0.006186000000000025,-0.006186000000000025,-0.006186000000000025,0,0.006186000000000025,-0.006186000000000025,0,-0.0011600000000000013,0,0,0.0011600000000000013,0,0,0,0,0,-0.0011600000000000013
327,0.004986000000000018,-0.0049859999999999904,0.004986000000000018,-0.0049859999999999904,0.004986000000000018,0.004986000000000018,0.004986000000000018,0.004986000000000018,-0.0049859999999999904,0.004986000000000018,-0.0049859999999999904,0,0,0,0,0,0,0,0,-0.001920000000000005,0,0
173,0,0,0,0,0,0,0,0,0,0,0,0,0,0,0,0,0,0,0,0,0,0
284,0,0,0,0,0,0,0,0,0,0,0,0,0,0,0,0,0,0,0,0,0,0
200,0,0,0,0,0,0,0,0,0,0,0,0,0,0,0,0,0,0,0,0,0,0
628,0,0,0,0,0,0,0,0,0,0,0,0,0,0,0,0,0,0,0,0,0,0
641,0,0,0,0,0,0,0,0,0,0,0,0,0,0,0,0,0,0,0,0,0,0
428,0,0,0,0,0,0,0,0,0,0,0,0,0,0,0,0,0,0,0,0,0,0
233,0.006066000000000016,-0.006066000000000016,-0.006066000000000016,-0.006066000000000016,0.006066000000000016,0.006066000000000016,0,0.006066000000000016,0.006066000000000016,0.006066000000000016,-0.006066000000000016,0,-0.0021000000000000046,-0.0021000000000000046,-0.0021000000000000046,0,0,0,0.0021000000000000046,-0.0021000000000000046,0.0021000000000000046,0
171,0.028259999999999952,-0.028259999999999952,-0.028259999999999952,-0.028259999999999952,0.028259999999999952,0.028259999999999952,-0.028259999999999952,0.028259999999999952,-0.028259999999999952,0.028259999999999952,-0.028259999999999952,0,-0.006479999999999986,-0.006479999999999986,-0.006479999999999986,0.006479999999999986,0,-0.006479999999999986,0.006479999999999986,-0.006479999999999986,0.006479999999999986,-0.006479999999999986
646,0,0,0,0,0,0,0,0,0,0,0,0,0,0,0,0,0,0,0,0,0,0
653,0,0,0,0,0,0,0,0,0,0,0,0,0,0,0,0,0,0,0,0,0,0
345,0,0,0,0,0,0,0,0,0,0,0,0,0,0,0,0,0,0,0,0,0,0
273,0,0,0,0,0,0,0,0,0,0,0,0,0,0,0,0,0,0,0,0,0,0
130,0.01663800000000004,-0.01663800000000004,0.01663800000000004,-0.01663800000000004,0.01663800000000004,0.01663800000000004,0.01663800000000004,-0.01663800000000004,0.01663800000000004,0.01663800000000004,-0.01663800000000004,0,-0.005159999999999998,-0.005159999999999998,0,0,0,0,0.005159999999999998,0,0.005159999999999998,-0.005159999999999998
575,0,0,0,0,0,0,0,0,0,0,0,0,0,0,0,0,0,0,0,0,0,0
319,0,0.0022220000000000018,-0.0022220000000000018,-0.0022220000000000018,-0.0022220000000000018,0.0022220000000000018,0,-0.0022220000000000018,0.0022220000000000018,-0.0022220000000000018,0.0022220000000000018,0,0,0,0,0,0,0,0,0,0,0
478,0,0,0,0,0,0,0,0,0,0,0,0,0,0,0,0,0,0,0,0,0,0
502,0.010511999999999966,-0.010511999999999966,-0.010511999999999966,-0.010511999999999966,0.010511999999999966,0.010511999999999966,-0.010511999999999966,0.010511999999999966,-0.010511999999999966,0.010511999999999966,-0.010511999999999966,0,-0.0025600000000000067,-0.0025600000000000067,-0.0025600000000000067,0.0025600000000000067,0,-0.0025600000000000067,0.0025600000000000067,-0.0025600000000000067,0.0025600000000000067,-0.0025600000000000067
312,0,0,0,0,0,0,0,0,0,0,0,0,0,0,0,0,0,0,0,0,0,0
567,0,0,0,0,0,0,0,0,0,0,0,0,0,0,0,0,0,0,0,0,0,0
579,0.01383599999999996,-0.01383599999999996,0.01383599999999996,-0.01383599999999996,0.01383599999999996,0.01383599999999996,0.01383599999999996,0.01383599999999996,-0.01383599999999996,0.01383599999999996,-0.01383599999999996,0,-0.001899999999999999,-0.001899999999999999,0,0,0,-0.001899999999999999,0.001899999999999999,-0.001899999999999999,0.001899999999999999,-0.001899999999999999
583,0,0,0,0,0,0,0,0,0,0,0,0,0,0,0,0,0,0,0,0,0,0
621,0.008529999999999982,-0.008529999999999982,-0.008529999999999982,-0.008529999999999982,0.008529999999999982,0.008529999999999982,0.008529999999999982,0.008529999999999982,-0.008529999999999982,0.008529999999999982,-0.008529999999999982,0,-0.0036400000000000043,-0.0036400000000000043,-0.0036400000000000043,0,0,0,0.0036400000000000043,-0.0036400000000000043,0.0036400000000000043,-0.0036400000000000043
61,0,0,0,0,0,0,0,0,0,0,0,0,0,0,0,0,0,0,0,0,0,0
247,0,0,0,0,0,0,0,0,0,0,0,0,0,0,0,0,0,0,0,0,0,0
15,0,0,0,0,0,0,0,0,0,0,0,0,0,0,0,0,0,0,0,0,0,0
67,0.02517999999999998,0.02517999999999998,-0.02517999999999998,-0.02517999999999998,-0.02517999999999998,-0.02517999999999998,-0.02517999999999998,-0.02517999999999998,0.02517999999999998,-0.02517999999999998,0.02517999999999998,0,0,0,0,0,0,0,0,0,0,0
108,0,0,0,0,0,0,0,0,0,0,0,0,0,0,0,0,0,0,0,0,0,0
100,0,0,0,0,0,0,0,0,0,0,0,0,0,0,0,0,0,0,0,0,0,0
385,0.016078000000000037,-0.016078000000000037,0.016078000000000037,-0.016078000000000037,0.016078000000000037,0.016078000000000037,0.016078000000000037,-0.016078000000000037,0.016078000000000037,0.016078000000000037,-0.016078000000000037,0,-0.0021599999999999953,0,0,0,0,0,0,0,0,-0.0021599999999999953
457,0,0,0,0,0,0,0,0,0,0,0,0,0,0,0,0,0,0,0,0,0,0
597,0,0,0,0,0,0,0,0,0,0,0,0,0,0,0,0,0,0,0,0,0,0
500,0.0036239999999999883,-0.0036239999999999883,-0.0036239999999999883,-0.0036239999999999883,0.0036239999999999883,0.0036239999999999883,0.0036239999999999883,0.0036239999999999883,-0.0036239999999999883,0.0036239999999999883,-0.0036239999999999883,0,-0.0020000000000000018,-0.0020000000000000018,0,0,0,0,0.0020000000000000018,-0.0020000000000000018,0.0020000000000000018,-0.0020000000000000018
344,0.018419999999999992,0.018419999999999992,-0.018419999999999992,-0.018419999999999992,-0.018419999999999992,0.018419999999999992,-0.018419999999999992,-0.018419999999999992,0.018419999999999992,-0.018419999999999992,0.018419999999999992,0,0,0,0,0,0,0,0,0,0,0
611,0,0,0,0,0,0,0,0,0,0,0,0,0,0,0,0,0,0,0,0,0,0
46,0,0,0,0,0,0,0,0,0,0,0,0,0,0,0,0,0,0,0,0,0,0
532,0,0,0,0,0,0,0,0,0,0,0,0,0,0,0,0,0,0,0,0,0,0
444,0,0,0,0,0,0,0,0,0,0,0,0,0,0,0,0,0,0,0,0,0,0
251,0,0,0,0,0,0,0,0,0,0,0,0,0,0,0,0,0,0,0,0,0,0
170,0.020140000000000047,-0.020140000000000047,-0.020140000000000047,-0.020140000000000047,0.020140000000000047,0.020140000000000047,-0.020140000000000047,0.020140000000000047,-0.020140000000000047,0.020140000000000047,-0.020140000000000047,0,0,0,0,0,0,0,0,0,0,0
151,0.03546000000000005,-0.03546000000000005,-0.03546000000000005,-0.03546000000000005,0.03546000000000005,0.03546000000000005,0.03546000000000005,0.03546000000000005,-0.03546000000000005,0.03546000000000005,-0.03546000000000005,0,-0.007280000000000009,-0.007280000000000009,-0.007280000000000009,0.007280000000000009,0,-0.007280000000000009,0.007280000000000009,-0.007280000000000009,0.007280000000000009,-0.007280000000000009
535,0,0,0,0,0,0,0,0,0,0,0,0,0,0,0,0,0,0,0,0,0,0
248,0.02639999999999998,-0.02639999999999998,0,-0.02639999999999998,-0.02639999999999998,0.02639999999999998,0.02639999999999998,-0.02639999999999998,0.02639999999999998,-0.02639999999999998,0.02639999999999998,0,-0.005400000000000016,-0.005400000000000016,-0.005400000000000016,0.005400000000000016,0,0,0.005400000000000016,0,0.005400000000000016,-0.005400000000000016
68,0.006888000000000005,-0.006888000000000005,-0.006888000000000005,-0.006888000000000005,0.006888000000000005,0.006888000000000005,0.006888000000000005,0.006888000000000005,-0.006888000000000005,0.006888000000000005,-0.006888000000000005,0,-0.0016999999999999932,-0.0016999999999999932,0,0,0,0,0.0016999999999999932,-0.0016999999999999932,0.0016999999999999932,-0.0016999999999999932
56,0.08005999999999958,-0.08006000000000002,0.08005999999999958,-0.08006000000000002,0.08005999999999958,0.08005999999999958,0.08005999999999958,-0.08006000000000002,0.08005999999999958,0.08005999999999958,-0.08006000000000002,0,-0.0379799999999999,0,-0.0379799999999999,0.0379799999999999,0,0,-0.0379799999999999,0,-0.0379799999999999,-0.0379799999999999
147,0,0,0,0,0,0,0,0,0,0,0,0,0,0,0,0,0,0,0,0,0,0
529,0,0,0,0,0,0,0,0,0,0,0,0,0,0,0,0,0,0,0,0,0,0
656,0.014155999999999946,0.014155999999999946,-0.014155999999999946,-0.014155999999999946,-0.014155999999999946,0.014155999999999946,-0.014155999999999946,-0.014155999999999946,0.014155999999999946,-0.014155999999999946,0.014155999999999946,0,0.003920000000000007,0,-0.003920000000000007,-0.003920000000000007,-0.003920000000000007,0,0,0,0.003920000000000007,0.003920000000000007
528,0,0,0,0,0,0,0,0,0,0,0,0,0,0,0,0,0,0,0,0,0,0
454,0,0,0,0,0,0,0,0,0,0,0,0,0,0,0,0,0,0,0,0,0,0
452,0,0,0,0,0,0,0,0,0,0,0,0,0,0,0,0,0,0,0,0,0,0
438,0,0,0,0,0,0,0,0,0,0,0,0,0,0,0,0,0,0,0,0,0,0
342,0,0,0,0,0,0,0,0,0,0,0,0,0,0,0,0,0,0,0,0,0,0
76,0,0,0,0,0,0,0,0,0,0,0,0,0,0,0,0,0,0,0,0,0,0
186,0,0,0,0,0,0,0,0,0,0,0,0,0,0,0,0,0,0,0,0,0,0
180,0,0,0,0,0,0,0,0,0,0,0,0,0,0,0,0,0,0,0,0,0,0
135,0,0,0,0,0,0,0,0,0,0,0,0,0,0,0,0,0,0,0,0,0,0
262,0.01113200000000003,-0.01113200000000003,0.01113200000000003,-0.01113200000000003,0.01113200000000003,0.01113200000000003,0.01113200000000003,-0.01113200000000003,0.01113200000000003,0.01113200000000003,-0.01113200000000003,0,-0.000899999999999998,0,0,0,0,0,0,0,0,-0.000899999999999998
48,0,0,0,0,0,0,0,0,0,0,0,0,0,0,0,0,0,0,0,0,0,0
393,0.0034440000000000026,-0.0034440000000000026,-0.0034440000000000026,-0.0034440000000000026,0.0034440000000000026,0.0034440000000000026,-0.0034440000000000026,0.0034440000000000026,-0.0034440000000000026,0.0034440000000000026,-0.0034440000000000026,0,-0.00102,-0.00102,0,0,0,-0.00102,0.00102,-0.00102,0.00102,-0.00102
592,0,0,0,0,0,0,0,0,0,0,0,0,0,0,0,0,0,0,0,0,0,0
408,0,0,0,0,0,0,0,0,0,0,0,0,0,0,0,0,0,0,0,0,0,0
103,0.00817000000000001,-0.00817000000000001,0.00817000000000001,-0.00817000000000001,0.00817000000000001,0.00817000000000001,0.00817000000000001,-0.00817000000000001,0.00817000000000001,-0.00817000000000001,-0.00817000000000001,0,-0.002899999999999986,-0.002899999999999986,0,0,0,0,0.002899999999999986,-0.002899999999999986,0.002899999999999986,-0.002899999999999986
264,0,0,0,0,0,0,0,0,0,0,0,0,0,0,0,0,0,0,0,0,0,0
32,0.0220800000000001,-0.0220800000000001,-0.0220800000000001,-0.0220800000000001,0.0220800000000001,0.0220800000000001,-0.0220800000000001,0.0220800000000001,-0.0220800000000001,0.0220800000000001,-0.0220800000000001,0,-0.005240000000000022,-0.005240000000000022,-0.005240000000000022,0.005240000000000022,0,-0.005240000000000022,0.005240000000000022,-0.005240000000000022,0.005240000000000022,-0.005240000000000022
405,0,0,0,0,0,0,0,0,0,0,0,0,0,0,0,0,0,0,0,0,0,0
355,0.009230000000000016,-0.009230000000000016,-0.009230000000000016,-0.009230000000000016,0.009230000000000016,0.009230000000000016,-0.009230000000000016,0.009230000000000016,-0.009230000000000016,0.009230000000000016,-0.009230000000000016,0,-0.002240000000000006,-0.002240000000000006,-0.002240000000000006,0.002240000000000006,0,-0.002240000000000006,0.002240000000000006,-0.002240000000000006,0.002240000000000006,-0.002240000000000006
639,0,0,0,0,0,0,0,0,0,0,0,0,0,0,0,0,0,0,0,0,0,0
334,0,0,0,0,0,0,0,0,0,0,0,0,0,0,0,0,0,0,0,0,0,0
109,0,0,0,0,0,0,0,0,0,0,0,0,0,0,0,0,0,0,0,0,0,0
2,0,0,0,0,0,0,0,0,0,0,0,0,0,0,0,0,0,0,0,0,0,0
320,0,0,0,0,0,0,0,0,0,0,0,0,0,0,0,0,0,0,0,0,0,0
217,0.005985999999999991,-0.005985999999999991,0.005985999999999991,-0.005985999999999991,-0.005985999999999991,0.005985999999999991,0.005985999999999991,-0.005985999999999991,0.005985999999999991,-0.005985999999999991,0.005985999999999991,0,0,0,0,0,0,0,0,0,0,0
183,0,0,0,0,0,0,0,0,0,0,0,0,0,0,0,0,0,0,0,0,0,0
155,0,0,0,0,0,0,0,0,0,0,0,0,0,0,0,0,0,0,0,0,0,0
51,0,0,0,0,0,0,0,0,0,0,0,0,0,0,0,0,0,0,0,0,0,0
53,0.046419999999999906,0.046419999999999906,-0.046419999999999906,-0.046419999999999906,-0.046419999999999906,0.046419999999999906,0,-0.046419999999999906,0.046419999999999906,-0.046419999999999906,0.046419999999999906,0,0,0,0,0,0,0,0,0,0,-0.017959999999999976
650,0.012793999999999972,-0.012793999999999972,0.012793999999999972,-0.012793999999999972,0.012793999999999972,0.012793999999999972,0.012793999999999972,-0.012793999999999972,0.012793999999999972,0.012793999999999972,-0.012793999999999972,0,-0.0025600000000000067,0,0,0,0,0,0,0,0,-0.0025600000000000067
106,0.03933999999999993,-0.03933999999999993,-0.03933999999999993,-0.03933999999999993,-0.03933999999999993,0.03933999999999993,0.03933999999999993,-0.03933999999999993,0.03933999999999993,-0.03933999999999993,0.03933999999999993,0,-0.008840000000000015,-0.008840000000000015,-0.008840000000000015,0,0,0,0.008840000000000015,-0.008840000000000015,0.008840000000000015,-0.008840000000000015
435,0.02059999999999995,0.02059999999999995,-0.02059999999999995,0.02059999999999995,-0.02059999999999995,0.02059999999999995,-0.02059999999999995,-0.02059999999999995,0.02059999999999995,-0.02059999999999995,0.02059999999999995,0,-0.008039999999999992,-0.008039999999999992,0.008039999999999992,0.008039999999999992,0.008039999999999992,0,0.008039999999999992,0,0.008039999999999992,-0.008039999999999992
489,0,0,0,0,0,0,0,0,0,0,0,0,0,0,0,0,0,0,0,0,0,0
566,0.007388000000000006,0.007388000000000006,-0.007388000000000006,-0.007388000000000006,-0.007388000000000006,-0.007388000000000006,-0.007388000000000006,-0.007388000000000006,0.007388000000000006,-0.007388000000000006,0.007388000000000006,0,0,0,0,0,0,0,0,0,0,0
111,0,0,0,0,0,0,0,0,0,0,0,0,0,0,0,0,0,0,0,0,0,0
576,0,0,0,0,0,0,0,0,0,0,0,0,0,0,0,0,0,0,0,0,0,0
141,0.005628000000000022,0.005628000000000022,-0.005628000000000022,-0.005628000000000022,-0.005628000000000022,0.005628000000000022,-0.005628000000000022,-0.005628000000000022,0.005628000000000022,-0.005628000000000022,-0.005628000000000022,0,0,0,0,0,0,0,0,0,0,0
584,0,0,0,0,0,0,0,0,0,0,0,0,0,0,0,0,0,0,0,0,0,0
287,0.03587999999999991,-0.03587999999999991,-0.03587999999999991,-0.03587999999999991,0.03587999999999991,0.03587999999999991,-0.03587999999999991,0.03587999999999991,-0.03587999999999991,0.03587999999999991,-0.03587999999999991,0,-0.011660000000000004,-0.011660000000000004,-0.011660000000000004,0.011660000000000004,0,-0.011660000000000004,0.011660000000000004,-0.011660000000000004,0.011660000000000004,-0.011660000000000004
213,0.00802799999999998,-0.00802799999999998,0.00802799999999998,-0.00802799999999998,0.00802799999999998,0.00802799999999998,0.00802799999999998,-0.00802799999999998,0.00802799999999998,-0.00802799999999998,-0.00802799999999998,0,-0.0017599999999999977,0,0,0,0,0,0,0,0,0
340,0,0,0,0,0,0,0,0,0,0,0,0,0,0,0,0,0,0,0,0,0,0
278,0,0,0,0,0,0,0,0,0,0,0,0,0,0,0,0,0,0,0,0,0,0
93,0,0,0,0,0,0,0,0,0,0,0,0,0,0,0,0,0,0,0,0,0,0
10,0,0,0,0,0,0,0,0,0,0,0,0,0,0,0,0,0,0,0,0,0,0
474,0,0,0,0,0,0,0,0,0,0,0,0,0,0,0,0,0,0,0,0,0,0
356,0,0,0,0,0,0,0,0,0,0,0,0,0,0,0,0,0,0,0,0,0,0
265,0,0,0,0,0,0,0,0,0,0,0,0,0,0,0,0,0,0,0,0,0,0
215,0,0,0,0,0,0,0,0,0,0,0,0,0,0,0,0,0,0,0,0,0,0
305,0.009790000000000021,-0.009790000000000021,-0.009790000000000021,-0.009790000000000021,0.009790000000000021,0.009790000000000021,0.009790000000000021,0.009790000000000021,-0.009790000000000021,0.009790000000000021,-0.009790000000000021,0,-0.0023200000000000026,-0.0023200000000000026,0,0,0,0,0.0023200000000000026,-0.0023200000000000026,0.0023200000000000026,-0.0023200000000000026
662,0,0,0,0,0,0,0,0,0,0,0,0,0,0,0,0,0,0,0,0,0,0
659,0,0,0,0,0,0,0,0,0,0,0,0,0,0,0,0,0,0,0,0,0,0
443,0.002804000000000001,-0.002804000000000001,-0.002804000000000001,-0.002804000000000001,0.002804000000000001,0.002804000000000001,-0.002804000000000001,0.002804000000000001,-0.002804000000000001,0.002804000000000001,-0.002804000000000001,0,-0.001120000000000003,-0.001120000000000003,0,0.001120000000000003,0,-0.001120000000000003,0.001120000000000003,-0.001120000000000003,0.001120000000000003,-0.001120000000000003
424,0,0,0,0,0,0,0,0,0,0,0,0,0,0,0,0,0,0,0,0,0,0
154,0.014415999999999984,-0.014415999999999984,-0.014415999999999984,-0.014415999999999984,0.014415999999999984,0.014415999999999984,0.014415999999999984,0.014415999999999984,-0.014415999999999984,0.014415999999999984,-0.014415999999999984,0,-0.004260000000000014,-0.004260000000000014,-0.004260000000000014,0,0,-0.004260000000000014,0.004260000000000014,-0.004260000000000014,0.004260000000000014,-0.004260000000000014
321,0,0,0,0,0,0,0,0,0,0,0,0,0,0,0,0,0,0,0,0,0,0
358,0,0.0009819999999999968,-0.0009819999999999968,0.0009819999999999968,-0.0009819999999999968,0.0009819999999999968,0,-0.0009819999999999968,0.0009819999999999968,-0.0009819999999999968,0.0009819999999999968,0,-0.00032000000000000084,0,0.00032000000000000084,0,0,0,0,0,0,0
49,0.014576000000000033,-0.014576000000000033,-0.014576000000000033,-0.014576000000000033,0.014576000000000033,0.014576000000000033,-0.014576000000000033,0.014576000000000033,-0.014576000000000033,0.014576000000000033,-0.014576000000000033,0,-0.0028799999999999937,-0.0028799999999999937,-0.0028799999999999937,0.0028799999999999937,0,-0.0028799999999999937,0.0028799999999999937,-0.0028799999999999937,0.0028799999999999937,-0.0028799999999999937
218,0.011352000000000029,-0.011352000000000029,-0.011352000000000029,-0.011352000000000029,0.011352000000000029,0.011352000000000029,0.011352000000000029,0.011352000000000029,-0.011352000000000029,0.011352000000000029,-0.011352000000000029,0,0,0,0,0,0,0,0,0,0,0
5,0,0,0,0,0,0,0,0,0,0,0,0,0,0,0,0,0,0,0,0,0,0
612,0,0.0010020000000000029,-0.0010020000000000029,-0.0010020000000000029,-0.0010020000000000029,0.0010020000000000029,0,-0.0010020000000000029,0.0010020000000000029,-0.0010020000000000029,-0.0010020000000000029,0,0,0,0,0,0,0,0,0,0,0
196,0,0,0,0,0,0,0,0,0,0,0,0,0,0,0,0,0,0,0,0,0,0
631,0,0,0,0,0,0,0,0,0,0,0,0,0,0,0,0,0,0,0,0,0,0
62,0,0,0,0,0,0,0,0,0,0,0,0,0,0,0,0,0,0,0,0,0,0
90,0.017320000000000002,-0.017320000000000002,0.017320000000000002,-0.017320000000000002,0.017320000000000002,0.017320000000000002,0.017320000000000002,-0.017320000000000002,0.017320000000000002,-0.017320000000000002,-0.017320000000000002,0,-0.00467999999999999,-0.00467999999999999,0,0,0,0,0.00467999999999999,-0.00467999999999999,0.00467999999999999,-0.00467999999999999
665,0,0,0,0,0,0,0,0,0,0,0,0,0,0,0,0,0,0,0,0,0,0
541,0,0,0,0,0,0,0,0,0,0,0,0,0,0,0,0,0,0,0,0,0,0
446,0,0,0,0,0,0,0,0,0,0,0,0,0,0,0,0,0,0,0,0,0,0
234,0,0,0,0,0,0,0,0,0,0,0,0,0,0,0,0,0,0,0,0,0,0
404,0,0,0,0,0,0,0,0,0,0,0,0,0,0,0,0,0,0,0,0,0,0
205,0,0,0,0,0,0,0,0,0,0,0,0,0,0,0,0,0,0,0,0,0,0
237,0,0,0,0,0,0,0,0,0,0,0,0,0,0,0,0,0,0,0,0,0,0
201,0.0406200000000001,-0.0406200000000001,-0.0406200000000001,-0.0406200000000001,0.0406200000000001,0.0406200000000001,-0.0406200000000001,0.0406200000000001,-0.0406200000000001,0.0406200000000001,-0.0406200000000001,0,-0.013040000000000052,-0.013040000000000052,-0.013040000000000052,0.013040000000000052,0,-0.013040000000000052,0.013040000000000052,-0.013040000000000052,0.013040000000000052,-0.013040000000000052
311,0,0,0,0,0,0,0,0,0,0,0,0,0,0,0,0,0,0,0,0,0,0
390,0,0,0,0,0,0,0,0,0,0,0,0,0,0,0,0,0,0,0,0,0,0
315,0,0,0,0,0,0,0,0,0,0,0,0,0,0,0,0,0,0,0,0,0,0
448,0.03293999999999997,0.03293999999999997,-0.03293999999999997,-0.03293999999999997,-0.03293999999999997,-0.03293999999999997,-0.03293999999999997,-0.03293999999999997,0.03293999999999997,-0.03293999999999997,-0.03293999999999997,0,-0.008900000000000019,0,-0.008900000000000019,-0.008900000000000019,-0.008900000000000019,0,0.008900000000000019,0,0.008900000000000019,-0.008900000000000019
461,0,0,0,0,0,0,0,0,0,0,0,0,0,0,0,0,0,0,0,0,0,0
632,0,0,0,0,0,0,0,0,0,0,0,0,0,0,0,0,0,0,0,0,0,0
366,0,0,0,0,0,0,0,0,0,0,0,0,0,0,0,0,0,0,0,0,0,0
419,0,0,0,0,0,0,0,0,0,0,0,0,0,0,0,0,0,0,0,0,0,0
298,0.03200000000000003,-0.03200000000000003,-0.03200000000000003,-0.03200000000000003,0.03200000000000003,0.03200000000000003,0.03200000000000003,0.03200000000000003,-0.03200000000000003,0.03200000000000003,-0.03200000000000003,0,-0.013839999999999963,-0.013839999999999963,-0.013839999999999963,0.013839999999999963,0,-0.013839999999999963,0.013839999999999963,-0.013839999999999963,0.013839999999999963,-0.013839999999999963
164,0,0,0,0,0,0,0,0,0,0,0,0,0,0,0,0,0,0,0,0,0,0
380,0,0,0,0,0,0,0,0,0,0,0,0,0,0,0,0,0,0,0,0,0,0
657,0,0,0,0,0,0,0,0,0,0,0,0,0,0,0,0,0,0,0,0,0,0
86,0,0,0,0,0,0,0,0,0,0,0,0,0,0,0,0,0,0,0,0,0,0
523,0,0,0,0,0,0,0,0,0,0,0,0,0,0,0,0,0,0,0,0,0,0
126,0,0,0,0,0,0,0,0,0,0,0,0,0,0,0,0,0,0,0,0,0,0
152,0.005145999999999984,-0.005145999999999984,-0.005145999999999984,-0.005145999999999984,0.005145999999999984,0.005145999999999984,0.005145999999999984,0.005145999999999984,-0.005145999999999984,0.005145999999999984,-0.005145999999999984,0,-0.001460000000000003,-0.001460000000000003,0,0,0,0,0.001460000000000003,-0.001460000000000003,0.001460000000000003,0
71,0,0,0,0,0,0,0,0,0,0,0,0,0,0,0,0,0,0,0,0,0,0
37,0,0,0,0,0,0,0,0,0,0,0,0,0,0,0,0,0,0,0,0,0,0
226,0.014876,-0.014876,0.014876,-0.014876,0.014876,0.014876,0.014876,-0.014876,0.014876,0.014876,-0.014876,0,-0.0017599999999999977,0,0,0,0,0,0,0,0,-0.0017599999999999977
553,0,0,0,0,0,0,0,0,0,0,0,0,0,0,0,0,0,0,0,0,0,0
399,0,0,0,0,0,0,0,0,0,0,0,0,0,0,0,0,0,0,0,0,0,0
245,0.015275999999999956,-0.015275999999999956,0.015275999999999956,-0.015275999999999956,0.015275999999999956,0.015275999999999956,0.015275999999999956,-0.015275999999999956,0.015275999999999956,-0.015275999999999956,-0.015275999999999956,0,-0.004959999999999992,-0.004959999999999992,0,0,0,0,0.00496000000000002,-0.004959999999999992,0.00496000000000002,-0.004959999999999992
614,0,0,0,0,0,0,0,0,0,0,0,0,0,0,0,0,0,0,0,0,0,0
469,0,0,0,0,0,0,0,0,0,0,0,0,0,0,0,0,0,0,0,0,0,0
521,0.016477999999999993,0.016477999999999993,-0.016477999999999993,-0.016477999999999993,-0.016477999999999993,-0.016477999999999993,-0.016477999999999993,-0.016477999999999993,0.016477999999999993,-0.016477999999999993,0.016477999999999993,0,0,0,0,0,0,0,0,0,0,0
266,0,0,0,0,0,0,0,0,0,0,0,0,0,0,0,0,0,0,0,0,0,0
487,0,0,0,0,0,0,0,0,0,0,0,0,0,0,0,0,0,0,0,0,0,0
6,0,0,0,0,0,0,0,0,0,0,0,0,0,0,0,0,0,0,0,0,0,0
268,0.004024,0.004024,-0.004024,0.004024,-0.004024,0.004024,0,-0.004024,0.004024,-0.004024,0.004024,0,-0.0015199999999999936,0,0.0015199999999999936,0,0,0,0,0,0,-0.0015199999999999936
658,0.018279999999999963,-0.018279999999999963,-0.018279999999999963,-0.018279999999999963,0.018279999999999963,0.018279999999999963,0.018279999999999963,0.018279999999999963,-0.018279999999999963,0.018279999999999963,-0.018279999999999963,0,0,0,0,0,0,0,0,0,0,0
644,0,0,0,0,0,0,0,0,0,0,0,0,0,0,0,0,0,0,0,0,0,0
441,0,0,0,0,0,0,0,0,0,0,0,0,0,0,0,0,0,0,0,0,0,0
125,0.008390000000000009,-0.008390000000000009,0.008390000000000009,-0.008390000000000009,0.008390000000000009,0.008390000000000009,0.008390000000000009,-0.008390000000000009,0.008390000000000009,-0.008390000000000009,-0.008390000000000009,0,-0.0016999999999999932,-0.0016999999999999932,0,0,0,0,0.0016999999999999932,0,0.0016999999999999932,-0.0016999999999999932
98,0,0,0,0,0,0,0,0,0,0,0,0,0,0,0,0,0,0,0,0,0,0
473,0,0,0,0,0,0,0,0,0,0,0,0,0,0,0,0,0,0,0,0,0,0
600,0,0,0,0,0,0,0,0,0,0,0,0,0,0,0,0,0,0,0,0,0,0
672,0,0,0,0,0,0,0,0,0,0,0,0,0,0,0,0,0,0,0,0,0,0
272,0.007508000000000015,0.007508000000000015,-0.007508000000000015,-0.007508000000000015,-0.007508000000000015,-0.007508000000000015,-0.007508000000000015,-0.007508000000000015,0.007508000000000015,-0.007508000000000015,0.007508000000000015,0,0,0,0,0,0,0,0,0,0,0
577,0,0,0,0,0,0,0,0,0,0,0,0,0,0,0,0,0,0,0,0,0,0
379,0,0,0,0,0,0,0,0,0,0,0,0,0,0,0,0,0,0,0,0,0,0
174,0,0,0,0,0,0,0,0,0,0,0,0,0,0,0,0,0,0,0,0,0,0
512,0,0,0,0,0,0,0,0,0,0,0,0,0,0,0,0,0,0,0,0,0,0
187,0,0,0,0,0,0,0,0,0,0,0,0,0,0,0,0,0,0,0,0,0,0
471,0,0,0,0,0,0,0,0,0,0,0,0,0,0,0,0,0,0,0,0,0,0
493,0,0,0,0,0,0,0,0,0,0,0,0,0,0,0,0,0,0,0,0,0,0
7,0,0,0,0,0,0,0,0,0,0,0,0,0,0,0,0,0,0,0,0,0,0
361,0,0,0,0,0,0,0,0,0,0,0,0,0,0,0,0,0,0,0,0,0,0
261,0,0,0,0,0,0,0,0,0,0,0,0,0,0,0,0,0,0,0,0,0,0
194,0.010311999999999988,-0.010311999999999988,0.010311999999999988,-0.010311999999999988,0.010311999999999988,0.010311999999999988,0.010311999999999988,-0.010311999999999988,0.010311999999999988,0.010311999999999988,-0.010311999999999988,0,0,0,0,0,0,0,0,0,0,0
140,0,0,0,0,0,0,0,0,0,0,0,0,0,0,0,0,0,0,0,0,0,0
486,0,0,0,0,0,0,0,0,0,0,0,0,0,0,0,0,0,0,0,0,0,0
607,0,0,0,0,0,0,0,0,0,0,0,0,0,0,0,0,0,0,0,0,0,0
397,0.012854000000000032,-0.012854000000000032,-0.012854000000000032,-0.012854000000000032,0.012854000000000032,0.012854000000000032,-0.012854000000000032,0.012854000000000032,-0.012854000000000032,0.012854000000000032,-0.012854000000000032,0,-0.003500000000000003,-0.003500000000000003,-0.003500000000000003,0.003500000000000003,0,-0.003500000000000003,0.003500000000000003,-0.003500000000000003,0.003500000000000003,-0.003500000000000003
337,0.018120000000000025,-0.018120000000000025,-0.018120000000000025,-0.018120000000000025,-0.018120000000000025,0.018120000000000025,-0.018120000000000025,-0.018120000000000025,0,0.018120000000000025,-0.018120000000000025,0,-0.003159999999999996,0,0,0,0,0,0,0,0,-0.003159999999999996
107,0,0,0,0,0,0,0,0,0,0,0,0,0,0,0,0,0,0,0,0,0,0
102,0,0,0,0,0,0,0,0,0,0,0,0,0,0,0,0,0,0,0,0,0,0
69,0.012414000000000036,-0.012414000000000036,-0.012414000000000036,-0.012414000000000036,0.012414000000000036,0.012414000000000036,0.012414000000000036,0.012414000000000036,-0.012414000000000036,0.012414000000000036,-0.012414000000000036,0,-0.002939999999999998,-0.002939999999999998,0,0,0,0,0.002939999999999998,-0.002939999999999998,0.002939999999999998,0
354,0,0,0,0,0,0,0,0,0,0,0,0,0,0,0,0,0,0,0,0,0,0
282,0.005606,-0.005606,-0.005606,-0.005606,0.005606,0.005606,-0.005606,0.005606,-0.005606,0.005606,-0.005606,0,-0.0012999999999999956,-0.0012999999999999956,-0.0012999999999999956,0,0,-0.0012999999999999956,0.0012999999999999956,-0.0012999999999999956,0.0012999999999999956,-0.0012999999999999956
97,0.06978600000000013,-0.06978600000000013,0.06978600000000013,-0.06978600000000013,-0.06978600000000013,0.06978600000000013,0.06978600000000013,-0.06978600000000013,0.06978600000000013,-0.06978600000000013,0.06978600000000013,0,-0.005294000000000021,0.005294000000000021,0.005294000000000021,0.005294000000000021,-0.005294000000000021,0,0,0.005294000000000021,0,-0.005294000000000021
4,0,0,0,0,0,0,0,0,0,0,0,0,0,0,0,0,0,0,0,0,0,0
221,0,0,0,0,0,0,0,0,0,0,0,0,0,0,0,0,0,0,0,0,0,0
235,0.012934000000000001,-0.012934000000000001,-0.012934000000000001,-0.012934000000000001,0.012934000000000001,0.012934000000000001,-0.012934000000000001,0.012934000000000001,-0.012934000000000001,0.012934000000000001,-0.012934000000000001,0,-0.004899999999999988,-0.004899999999999988,-0.004899999999999988,0.004899999999999988,0,-0.004899999999999988,0.004899999999999988,-0.004899999999999988,0.004899999999999988,-0.004899999999999988
212,0,0,0,0,0,0,0,0,0,0,0,0,0,0,0,0,0,0,0,0,0,0
634,0.08120800000000017,-0.08120800000000017,0.08120800000000017,-0.08120800000000017,0.08120800000000017,0.08120800000000017,0.08120800000000017,-0.08120800000000017,0.08120800000000017,-0.08120800000000017,-0.08120800000000017,0,-0.019100000000000006,-0.019100000000000006,-0.019100000000000006,0.019100000000000006,0,0,0.019100000000000006,-0.019100000000000006,0.019100000000000006,-0.019100000000000006
210,0.017078000000000038,-0.017078000000000038,0.017078000000000038,-0.017078000000000038,0.017078000000000038,0.017078000000000038,0.017078000000000038,-0.017078000000000038,0.017078000000000038,0.017078000000000038,-0.017078000000000038,0,-0.0028600000000000014,0,0,0,0,0,0,0,0,-0.0028600000000000014
369,0.013153999999999999,-0.013153999999999999,0.013153999999999999,-0.013153999999999999,0.013153999999999999,0.013153999999999999,0.013153999999999999,-0.013153999999999999,0.013153999999999999,0.013153999999999999,-0.013153999999999999,0,-0.00546000000000002,0.00546000000000002,0,0,0,0,0,0,0,-0.00546000000000002
136,0,0,0,0,0,0,0,0,0,0,0,0,0,0,0,0,0,0,0,0,0,0
211,0.00562600000000002,0.00562600000000002,-0.00562600000000002,-0.00562600000000002,-0.00562600000000002,0.00562600000000002,-0.00562600000000002,-0.00562600000000002,0.00562600000000002,-0.00562600000000002,-0.00562600000000002,0,0,0,0,0,0,0,0,0,0,0
13,0.007668000000000008,0.007668000000000008,-0.007668000000000008,-0.007668000000000008,-0.007668000000000008,0.007668000000000008,0,-0.007668000000000008,0.007668000000000008,-0.007668000000000008,0.007668000000000008,0,0,0,0,0,0,0,0,0,0,0
134,0,0,0,0,0,0,0,0,0,0,0,0,0,0,0,0,0,0,0,0,0,0
148,0,0,0,0,0,0,0,0,0,0,0,0,0,0,0,0,0,0,0,0,0,0
133,0,0,0,0,0,0,0,0,0,0,0,0,0,0,0,0,0,0,0,0,0,0
240,0,0,0,0,0,0,0,0,0,0,0,0,0,0,0,0,0,0,0,0,0,0
329,0.014155999999999946,0.014155999999999946,-0.014155999999999946,-0.014155999999999946,-0.014155999999999946,0.014155999999999946,-0.014155999999999946,-0.014155999999999946,0.014155999999999946,-0.014155999999999946,0.014155999999999946,0,0,0,0,0,0,0,0,0,0,0
193,0.01195400000000002,-0.01195400000000002,0.01195400000000002,-0.01195400000000002,0.01195400000000002,0.01195400000000002,0.01195400000000002,-0.01195400000000002,0.01195400000000002,-0.01195400000000002,-0.01195400000000002,0,-0.0033400000000000096,0,0,0,0,0,0.0033400000000000096,0,0.0033400000000000096,-0.0033400000000000096
373,0.025031999999999943,-0.025031999999999943,0.025031999999999943,-0.025031999999999943,0.025031999999999943,0.025031999999999943,0.025031999999999943,-0.025031999999999943,0.025031999999999943,0.025031999999999943,-0.025031999999999943,0,-0.005840000000000012,0.005840000000000012,0,0,0,0,0,0.005840000000000012,0,-0.005840000000000012
518,0,0,0,0,0,0,0,0,0,0,0,0,0,0,0,0,0,0,0,0,0,0
118,0.015477999999999992,-0.015477999999999992,-0.015477999999999992,-0.015477999999999992,0.015477999999999992,0.015477999999999992,-0.015477999999999992,0.015477999999999992,-0.015477999999999992,0.015477999999999992,-0.015477999999999992,0,-0.004819999999999991,-0.004819999999999991,-0.004819999999999991,0.004819999999999991,0,-0.004819999999999991,0.004819999999999991,-0.004819999999999991,0.004819999999999991,-0.004819999999999991
283,0.016598,-0.016598,0.016598,-0.016598,0.016598,0.016598,0.016598,-0.016598,0.016598,0.016598,-0.016598,0,-0.005180000000000018,-0.005180000000000018,-0.005180000000000018,0.005180000000000018,0,0,0.005180000000000018,0,0.005180000000000018,-0.005180000000000018
513,0,0,0,0,0,0,0,0,0,0,0,0,0,0,0,0,0,0,0,0,0,0
574,0,0,0,0,0,0,0,0,0,0,0,0,0,0,0,0,0,0,0,0,0,0
246,0,0,0,0,0,0,0,0,0,0,0,0,0,0,0,0,0,0,0,0,0,0
466,0,0,0,0,0,0,0,0,0,0,0,0,0,0,0,0,0,0,0,0,0,0
508,0,0,0,0,0,0,0,0,0,0,0,0,0,0,0,0,0,0,0,0,0,0
38,0.024620000000000086,-0.024620000000000086,-0.024620000000000086,-0.024620000000000086,-0.024620000000000086,0.024620000000000086,-0.024620000000000086,-0.024620000000000086,0.024620000000000086,0.024620000000000086,-0.024620000000000086,0,-0.0012999999999999956,-0.0012999999999999956,-0.0012999999999999956,0,0,0,0.0012999999999999956,0,0.0012999999999999956,-0.0012999999999999956
560,0,0,0,0,0,0,0,0,0,0,0,0,0,0,0,0,0,0,0,0,0,0
375,0,0,0,0,0,0,0,0,0,0,0,0,0,0,0,0,0,0,0,0,0,0
629,0,0,0,0,0,0,0,0,0,0,0,0,0,0,0,0,0,0,0,0,0,0
188,0,0,0,0,0,0,0,0,0,0,0,0,0,0,0,0,0,0,0,0,0,0
378,0,0,0,0,0,0,0,0,0,0,0,0,0,0,0,0,0,0,0,0,0,0
425,0.024499999999999966,0.024499999999999966,-0.024499999999999966,-0.024499999999999966,-0.024499999999999966,0.024499999999999966,-0.024499999999999966,-0.024499999999999966,0.024499999999999966,-0.024499999999999966,0.024499999999999966,0,0,0,0,0,0,0,0,0,0,0
116,0,0,0,0,0,0,0,0,0,0,0,0,0,0,0,0,0,0,0,0,0,0
199,0.002944000000000002,0.002944000000000002,-0.002944000000000002,0.002944000000000002,-0.002944000000000002,0.002944000000000002,0,-0.002944000000000002,0.002944000000000002,-0.002944000000000002,0.002944000000000002,0,-0.0010799999999999976,0,0.0010799999999999976,0,0,0,0,0,0,-0.0010799999999999976
307,0,0,0,0,0,0,0,0,0,0,0,0,0,0,0,0,0,0,0,0,0,0
565,0,0,0,0,0,0,0,0,0,0,0,0,0,0,0,0,0,0,0,0,0,0
376,0,0,0,0,0,0,0,0,0,0,0,0,0,0,0,0,0,0,0,0,0,0
66,0,0,0,0,0,0,0,0,0,0,0,0,0,0,0,0,0,0,0,0,0,0
538,0,0,0,0,0,0,0,0,0,0,0,0,0,0,0,0,0,0,0,0,0,0
546,0.006788000000000016,-0.006788000000000016,-0.006788000000000016,-0.006788000000000016,0.006788000000000016,0.006788000000000016,0.006788000000000016,0.006788000000000016,-0.006788000000000016,0.006788000000000016,-0.006788000000000016,0,-0.0022800000000000042,-0.0022800000000000042,0,0,0,0,0.0022800000000000042,-0.0022800000000000042,0.0022800000000000042,0
411,0,0,0,0,0,0,0,0,0,0,0,0,0,0,0,0,0,0,0,0,0,0
241,0.021400000000000086,-0.021400000000000086,0.021400000000000086,-0.021400000000000086,0.021400000000000086,0.021400000000000086,0.021400000000000086,-0.021400000000000086,0.021400000000000086,-0.021400000000000086,-0.021400000000000086,0,-0.006940000000000002,-0.006940000000000002,0,0,0,0,0,0,0,-0.006940000000000002
301,0.00562600000000002,0.00562600000000002,-0.00562600000000002,-0.00562600000000002,-0.00562600000000002,0.00562600000000002,-0.00562600000000002,-0.00562600000000002,0.00562600000000002,-0.00562600000000002,-0.00562600000000002,0,0,0,0,0,0,0,0,0,0,0
468,0,0,0,0,0,0,0,0,0,0,0,0,0,0,0,0,0,0,0,0,0,0
455,0,0,0,0,0,0,0,0,0,0,0,0,0,0,0,0,0,0,0,0,0,0
18,0.007367999999999986,-0.007367999999999986,-0.007367999999999986,-0.007367999999999986,0.007367999999999986,0.007367999999999986,-0.007367999999999986,0.007367999999999986,-0.007367999999999986,0.007367999999999986,-0.007367999999999986,0,-0.0027800000000000047,-0.0027800000000000047,-0.0027800000000000047,0,0,0,0,0,0,-0.0027800000000000047
132,0,0,0,0,0,0,0,0,0,0,0,0,0,0,0,0,0,0,0,0,0,0
29,0,0,0,0,0,0,0,0,0,0,0,0,0,0,0,0,0,0,0,0,0,0
517,0,0,0,0,0,0,0,0,0,0,0,0,0,0,0,0,0,0,0,0,0,0
78,0,0,0,0,0,0,0,0,0,0,0,0,0,0,0,0,0,0,0,0,0,0
551,0,0,0,0,0,0,0,0,0,0,0,0,0,0,0,0,0,0,0,0,0,0
477,0,0,0,0,0,0,0,0,0,0,0,0,0,0,0,0,0,0,0,0,0,0
548,0.0029919999999999947,0.0029919999999999947,-0.0029919999999999947,0.0029919999999999947,-0.0029919999999999947,0.0029919999999999947,0,-0.0029919999999999947,0.0029919999999999947,-0.0029919999999999947,0.0029919999999999947,0,0,0,0.0009400000000000033,0,0,0,0,0,0,0
388,0.003383999999999998,-0.003383999999999998,-0.003383999999999998,-0.003383999999999998,0.003383999999999998,0.003383999999999998,0,0.003383999999999998,0.003383999999999998,0.003383999999999998,-0.003383999999999998,0,0,0,0,0,0,0,0,0,0,0
367,0,0,0,0,0,0,0,0,0,0,0,0,0,0,0,0,0,0,0,0,0,0
382,0.003573999999999994,-0.003573999999999994,0.003573999999999994,-0.003573999999999994,0.003573999999999994,0.003573999999999994,0.003573999999999994,0.003573999999999994,-0.003573999999999994,0.003573999999999994,-0.003573999999999994,0,-0.0017179999999999973,-0.0017179999999999973,0,0,0,-0.0017179999999999973,0.0017179999999999973,-0.0017179999999999973,0.0017179999999999973,0
74,0,0,0,0,0,0,0,0,0,0,0,0,0,0,0,0,0,0,0,0,0,0
470,-0.008228000000000013,0.008228000000000013,-0.008228000000000013,-0.008228000000000013,-0.008228000000000013,-0.008228000000000013,-0.008228000000000013,-0.008228000000000013,0.008228000000000013,-0.008228000000000013,0.008228000000000013,-0.003049999999999997,0,0,0,0,0,0,0,0,0,0
618,0.008909999999999973,-0.008909999999999973,0.008909999999999973,-0.008909999999999973,0.008909999999999973,0.008909999999999973,0.008909999999999973,-0.008909999999999973,0.008909999999999973,-0.008909999999999973,-0.008909999999999973,0,-0.0015000000000000013,-0.0015000000000000013,-0.0015000000000000013,0,0,0,0.0015000000000000013,-0.0015000000000000013,0.0015000000000000013,0.0015000000000000013
402,0,0,0,0,0,0,0,0,0,0,0,0,0,0,0,0,0,0,0,0,0,0
119,0,0,0,0,0,0,0,0,0,0,0,0,0,0,0,0,0,0,0,0,0,0
236,0,0,0,0,0,0,0,0,0,0,0,0,0,0,0,0,0,0,0,0,0,0
564,0.02848000000000006,-0.02848000000000006,-0.02848000000000006,-0.02848000000000006,0.02848000000000006,0.02848000000000006,0.02848000000000006,0.02848000000000006,-0.02848000000000006,0.02848000000000006,-0.02848000000000006,0,-0.0040000000000000036,-0.0040000000000000036,0,0,0,-0.0040000000000000036,0.0040000000000000036,-0.0040000000000000036,0.0040000000000000036,-0.0040000000000000036
33,0,0,0,0,0,0,0,0,0,0,0,0,0,0,0,0,0,0,0,0,0,0
42,0,0,0,0,0,0,0,0,0,0,0,0,0,0,0,0,0,0,0,0,0,0
28,0,0,0,0,0,0,0,0,0,0,0,0,0,0,0,0,0,0,0,0,0,0
52,0,0,0,0,0,0,0,0,0,0,0,0,0,0,0,0,0,0,0,0,0,0
381,0,0,0,0,0,0,0,0,0,0,0,0,0,0,0,0,0,0,0,0,0,0
439,0,0,0,0,0,0,0,0,0,0,0,0,0,0,0,0,0,0,0,0,0,0
347,0,0,0,0,0,0,0,0,0,0,0,0,0,0,0,0,0,0,0,0,0,0
578,0,0,0,0,0,0,0,0,0,0,0,0,0,0,0,0,0,0,0,0,0,0
515,0,-0.001696000000000003,0.001696000000000003,-0.001696000000000003,0.001696000000000003,0.001696000000000003,0.001696000000000003,-0.001696000000000003,0.001696000000000003,0.001696000000000003,-0.001696000000000003,0,-0.00036399999999999974,0,0,0,0,0,0,0,0,0
121,0.005666000000000004,-0.005666000000000004,0.005666000000000004,-0.005666000000000004,0.005666000000000004,0.005666000000000004,0.005666000000000004,-0.005666000000000004,0.005666000000000004,0.005666000000000004,-0.005666000000000004,0,-0.008960000000000024,0.008960000000000024,0,0,0,0,0,0,0,-0.008960000000000024
497,0,0,0,0,0,0,0,0,0,0,0,0,0,0,0,0,0,0,0,0,0,0
504,0.0441959999999999,0.0441959999999999,-0.0441959999999999,-0.0441959999999999,-0.0441959999999999,0.0441959999999999,-0.0441959999999999,-0.0441959999999999,0.0441959999999999,0.0441959999999999,-0.0441959999999999,0,-0.018199999999999994,-0.018199999999999994,-0.018199999999999994,-0.018199999999999994,-0.018199999999999994,0,0.018199999999999994,0,0.018199999999999994,-0.018199999999999994
395,0,0,0,0,0,0,0,0,0,0,0,0,0,0,0,0,0,0,0,0,0,0
451,0,0,0,0,0,0,0,0,0,0,0,0,0,0,0,0,0,0,0,0,0,0
115,0.02507999999999999,0.02507999999999999,-0.02507999999999999,-0.02507999999999999,-0.02507999999999999,0.02507999999999999,0,-0.02507999999999999,0.02507999999999999,-0.02507999999999999,0.02507999999999999,0,0,0,0,0,0,0,0,0,0,0
290,0,0,0,0,0,0,0,0,0,0,0,0,0,0,0,0,0,0,0,0,0,0
409,0,0,0,0,0,0,0,0,0,0,0,0,0,0,0,0,0,0,0,0,0,0
351,0,0,0,0,0,0,0,0,0,0,0,0,0,0,0,0,0,0,0,0,0,0
509,0,0,0,0,0,0,0,0,0,0,0,0,0,0,0,0,0,0,0,0,0,0
314,0,0,0,0,0,0,0,0,0,0,0,0,0,0,0,0,0,0,0,0,0,0
163,0,0,0,0,0,0,0,0,0,0,0,0,0,0,0,0,0,0,0,0,0,0
339,0,0,0,0,0,0,0,0,0,0,0,0,0,0,0,0,0,0,0,0,0,0
615,0,0,0,0,0,0,0,0,0,0,0,0,0,0,0,0,0,0,0,0,0,0
481,0,0,0,0,0,0,0,0,0,0,0,0,0,0,0,0,0,0,0,0,0,0
281,0,0,0,0,0,0,0,0,0,0,0,0,0,0,0,0,0,0,0,0,0,0
609,0,0,0,0,0,0,0,0,0,0,0,0,0,0,0,0,0,0,0,0,0,0
58,0,0,0,0,0,0,0,0,0,0,0,0,0,0,0,0,0,0,0,0,0,0
25,0,0,0,0,0,0,0,0,0,0,0,0,0,0,0,0,0,0,0,0,0,0
114,0,0,0,0,0,0,0,0,0,0,0,0,0,0,0,0,0,0,0,0,0,0
374,0,0,0,0,0,0,0,0,0,0,0,0,0,0,0,0,0,0,0,0,0,0
166,0,0,0,0,0,0,0,0,0,0,0,0,0,0,0,0,0,0,0,0,0,0
640,0.01383599999999996,-0.01383599999999996,-0.01383599999999996,-0.01383599999999996,-0.01383599999999996,0.01383599999999996,-0.01383599999999996,-0.01383599999999996,-0.01383599999999996,0.01383599999999996,-0.01383599999999996,0,-0.007020000000000026,-0.007020000000000026,-0.007020000000000026,-0.007020000000000026,-0.007020000000000026,0,0.007020000000000026,0,0.007020000000000026,-0.007020000000000026
31,0,0,0,0,0,0,0,0,0,0,0,0,0,0,0,0,0,0,0,0,0,0
274,0.017320000000000002,-0.017320000000000002,-0.017320000000000002,-0.017320000000000002,0.017320000000000002,0.017320000000000002,0,0.017320000000000002,-0.017320000000000002,0.017320000000000002,-0.017320000000000002,0,-0.0029800000000000104,-0.0029800000000000104,-0.0029800000000000104,0.0029800000000000104,0,-0.0029800000000000104,0.0029800000000000104,-0.0029800000000000104,0.0029800000000000104,-0.0029800000000000104
370,0,0,0,0,0,0,0,0,0,0,0,0,0,0,0,0,0,0,0,0,0,0
206,0.030340000000000034,-0.030340000000000034,-0.030340000000000034,-0.030340000000000034,0.030340000000000034,0.030340000000000034,-0.030340000000000034,0.030340000000000034,-0.030340000000000034,0.030340000000000034,-0.030340000000000034,0,-0.005520000000000025,-0.005520000000000025,-0.005520000000000025,0.005520000000000025,0,-0.005520000000000025,0.005520000000000025,-0.005520000000000025,0.005520000000000025,-0.005520000000000025
595,0,0,0,0,0,0,0,0,0,0,0,0,0,0,0,0,0,0,0,0,0,0
280,0,0,0,0,0,0,0,0,0,0,0,0,0,0,0,0,0,0,0,0,0,0
364,0,0,0,0,0,0,0,0,0,0,0,0,0,0,0,0,0,0,0,0,0,0
313,0,0,0,0,0,0,0,0,0,0,0,0,0,0,0,0,0,0,0,0,0,0
279,0,0,0,0,0,0,0,0,0,0,0,0,0,0,0,0,0,0,0,0,0,0
570,0,0,0,0,0,0,0,0,0,0,0,0,0,0,0,0,0,0,0,0,0,0
484,0.012274000000000007,-0.012274000000000007,-0.012274000000000007,-0.012274000000000007,0.012274000000000007,0.012274000000000007,-0.012274000000000007,0.012274000000000007,-0.012274000000000007,0.012274000000000007,-0.012274000000000007,0,-0.004640000000000005,-0.004640000000000005,0,0.004640000000000005,0,-0.004640000000000005,0.004640000000000005,-0.004640000000000005,0.004640000000000005,-0.004640000000000005
645,0,-0.000619999999999999,-0.000619999999999999,-0.000619999999999999,0.0006200000000000025,0.0006200000000000025,-0.000619999999999999,0.0006200000000000025,-0.000619999999999999,0.0006200000000000025,-0.000619999999999999,0,0,-0.00032000000000000084,0,0,0,0,0,0,0,0
581,0.013635999999999981,-0.013635999999999981,-0.013635999999999981,-0.013635999999999981,0.013635999999999981,0.013635999999999981,0.013635999999999981,0.013635999999999981,-0.013635999999999981,0.013635999999999981,-0.013635999999999981,0,-0.0032200000000000006,-0.0032200000000000006,0,0,0,-0.0032200000000000006,0.0032200000000000006,-0.0032200000000000006,0.0032200000000000006,-0.0032200000000000006
44,0,0,0,0,0,0,0,0,0,0,0,0,0,0,0,0,0,0,0,0,0,0
169,0.01499600000000001,0.01499600000000001,-0.01499600000000001,-0.01499600000000001,-0.01499600000000001,-0.01499600000000001,-0.01499600000000001,-0.01499600000000001,0.01499600000000001,-0.01499600000000001,0.01499600000000001,-0.005379999999999996,0,0,0,0,-0.005379999999999996,0,0,0,0,0.005379999999999996
189,0,0,0,0,0,0,0,0,0,0,0,0,0,0,0,0,0,0,0,0,0,0
429,0,0,0,0,0,0,0,0,0,0,0,0,0,0,0,0,0,0,0,0,0,0
259,0,0,0,0,0,0,0,0,0,0,0,0,0,0,0,0,0,0,0,0,0,0
129,0.00562600000000002,0.00562600000000002,-0.00562600000000002,-0.00562600000000002,-0.00562600000000002,0.00562600000000002,-0.00562600000000002,-0.00562600000000002,0.00562600000000002,-0.00562600000000002,-0.00562600000000002,0,0,0,0,0,0,0,0,0,0,0
94,0,0,0,0,0,0,0,0,0,0,0,0,0,0,0,0,0,0,0,0,0,0
430,0.014376000000000055,-0.014376000000000055,-0.014376000000000055,-0.014376000000000055,-0.014376000000000055,0.014376000000000055,-0.014376000000000055,-0.014376000000000055,0,0.014376000000000055,-0.014376000000000055,0,-0.0043400000000000105,0,0,0,0,0,0,0,0,-0.0043400000000000105
288,0.008496000000000004,-0.008496000000000004,0.008496000000000004,-0.008496000000000004,0.008496000000000004,0.008496000000000004,0.008496000000000004,-0.008496000000000004,0.008496000000000004,0.008496000000000004,-0.008496000000000004,0,-0.0020720000000000044,0,0,0,0,0,0,0,0,0
412,0,0,0,0,0,0,0,0,0,0,0,0,0,0,0,0,0,0,0,0,0,0
479,0,0,0,0,0,0,0,0,0,0,0,0,0,0,0,0,0,0,0,0,0,0
352,0,0,0,0,0,0,0,0,0,0,0,0,0,0,0,0,0,0,0,0,0,0
150,0,0,0,0,0,0,0,0,0,0,0,0,0,0,0,0,0,0,0,0,0,0
99,0.010491999999999946,-0.010491999999999946,-0.010491999999999946,-0.010491999999999946,0.010491999999999946,0.010491999999999946,0.010491999999999946,0.010491999999999946,0.010491999999999946,0.010491999999999946,-0.010491999999999946,0,-0.0005800000000000007,-0.0005800000000000007,0,0,0,0,0.0005800000000000007,-0.0005800000000000007,0.0005800000000000007,-0.0005800000000000007
207,0,0,0,0,0,0,0,0,0,0,0,0,0,0,0,0,0,0,0,0,0,0
47,0,0,0,0,0,0,0,0,0,0,0,0,0,0,0,0,0,0,0,0,0,0
330,0.016298000000000035,-0.016298000000000035,0.016298000000000035,-0.016298000000000035,0.016298000000000035,0.016298000000000035,0.016298000000000035,-0.016298000000000035,0.016298000000000035,-0.016298000000000035,-0.016298000000000035,0,-0.005019999999999997,-0.005019999999999997,-0.005019999999999997,0.0050200000000000244,0,0,0.0050200000000000244,-0.005019999999999997,0.0050200000000000244,-0.005019999999999997
73,0,0,0,0,0,0,0,0,0,0,0,0,0,0,0,0,0,0,0,0,0,0
82,0,0,0,0,0,0,0,0,0,0,0,0,0,0,0,0,0,0,0,0,0,0
437,0,0,0,0,0,0,0,0,0,0,0,0,0,0,0,0,0,0,0,0,0,0
285,0,0,0,0,0,0,0,0,0,0,0,0,0,0,0,0,0,0,0,0,0,0
433,0,0,0,0,0,0,0,0,0,0,0,0,0,0,0,0,0,0,0,0,0,0
406,0,0,0,0,0,0,0,0,0,0,0,0,0,0,0,0,0,0,0,0,0,0
79,0.00692799999999999,-0.00692799999999999,0.00692799999999999,-0.00692799999999999,0.00692799999999999,0.00692799999999999,0.00692799999999999,-0.00692799999999999,0.00692799999999999,-0.00692799999999999,-0.00692799999999999,0,0,0,0,0,0,0,0,0,0,0
310,0.005226000000000008,-0.005226000000000008,0.005226000000000008,-0.005226000000000008,0.005226000000000008,0.005226000000000008,0.005226000000000008,-0.005226000000000008,0.005226000000000008,0.005226000000000008,-0.005226000000000008,0,-0.0019399999999999973,-0.0019399999999999973,0,0,0,0,0,0,0,-0.0019399999999999973
647,0,0,0,0,0,0,0,0,0,0,0,0,0,0,0,0,0,0,0,0,0,0
216,0.007545999999999997,0.007545999999999997,-0.007545999999999997,-0.007545999999999997,-0.007545999999999997,0.007545999999999997,0,-0.007545999999999997,0.007545999999999997,-0.007545999999999997,0.007545999999999997,0,0,0,0,0,0,0,0,0,0,0
377,0.011352000000000029,-0.011352000000000029,0.011352000000000029,-0.011352000000000029,0.011352000000000029,0.011352000000000029,0.011352000000000029,-0.011352000000000029,0.011352000000000029,-0.011352000000000029,-0.011352000000000029,0,-0.006220000000000003,0,0,0,0,0,0.006220000000000003,0,0.006220000000000003,-0.006220000000000003
84,0,0,0,0,0,0,0,0,0,0,0,0,0,0,0,0,0,0,0,0,0,0
325,0,0.0011620000000000033,-0.0011620000000000033,-0.0011620000000000033,-0.0011620000000000033,-0.0011620000000000033,0,-0.0011620000000000033,0.0011620000000000033,-0.0011620000000000033,0.0011620000000000033,0,0,0,0,0,0,0,0,0,0,0
511,0,0,0,0,0,0,0,0,0,0,0,0,0,0,0,0,0,0,0,0,0,0
585,0,0,0,0,0,0,0,0,0,0,0,0,0,0,0,0,0,0,0,0,0,0
104,0.029039999999999955,0.029039999999999955,-0.029039999999999955,-0.029039999999999955,-0.029039999999999955,-0.029039999999999955,-0.029039999999999955,-0.029039999999999955,0.029039999999999955,-0.029039999999999955,0.029039999999999955,0,-0.004280000000000006,0,-0.004280000000000006,-0.004280000000000006,0.004280000000000006,0,0,0,0.004280000000000006,0.004280000000000006
124,0,0,0,0,0,0,0,0,0,0,0,0,0,0,0,0,0,0,0,0,0,0
238,0,0,0,0,0,0,0,0,0,0,0,0,0,0,0,0,0,0,0,0,0,0
267,0.006668000000000007,-0.006668000000000007,0.006668000000000007,-0.006668000000000007,0.006668000000000007,0.006668000000000007,0.006668000000000007,-0.006668000000000007,0.006668000000000007,0.006668000000000007,-0.006668000000000007,0,0,0,0,0,0,0,0,0,0,0
185,0.008909999999999973,-0.008909999999999973,-0.008909999999999973,-0.008909999999999973,0.008909999999999973,0.008909999999999973,0.008909999999999973,0.008909999999999973,-0.008909999999999973,0.008909999999999973,-0.008909999999999973,0,-0.003360000000000002,-0.003360000000000002,0,0,0,-0.003360000000000002,0.003360000000000002,-0.003360000000000002,0.003360000000000002,-0.003360000000000002
410,0,0,0,0,0,0,0,0,0,0,0,0,0,0,0,0,0,0,0,0,0,0
507,0,0,0,0,0,0,0,0,0,0,0,0,0,0,0,0,0,0,0,0,0,0
427,0,0,0,0,0,0,0,0,0,0,0,0,0,0,0,0,0,0,0,0,0,0
209,0,0,0,0,0,0,0,0,0,0,0,0,0,0,0,0,0,0,0,0,0,0
70,0,0,0,0,0,0,0,0,0,0,0,0,0,0,0,0,0,0,0,0,0,0
626,0,0,0,0,0,0,0,0,0,0,0,0,0,0,0,0,0,0,0,0,0,0
349,0,0,0,0,0,0,0,0,0,0,0,0,0,0,0,0,0,0,0,0,0,0
391,0,0,0,0,0,0,0,0,0,0,0,0,0,0,0,0,0,0,0,0,0,0
534,0,0,0,0,0,0,0,0,0,0,0,0,0,0,0,0,0,0,0,0,0,0
191,0,0,0,0,0,0,0,0,0,0,0,0,0,0,0,0,0,0,0,0,0,0
572,0,0,0,0,0,0,0,0,0,0,0,0,0,0,0,0,0,0,0,0,0,0
8,0,0,0,0,0,0,0,0,0,0,0,0,0,0,0,0,0,0,0,0,0,0
304,0,0,0,0,0,0,0,0,0,0,0,0,0,0,0,0,0,0,0,0,0,0
338,0,0,0,0,0,0,0,0,0,0,0,0,0,0,0,0,0,0,0,0,0,0
198,0,0,0,0,0,0,0,0,0,0,0,0,0,0,0,0,0,0,0,0,0,0
64,0,0,0,0,0,0,0,0,0,0,0,0,0,0,0,0,0,0,0,0,0,0
222,0,0,0,0,0,0,0,0,0,0,0,0,0,0,0,0,0,0,0,0,0,0
343,0.016378000000000004,-0.016378000000000004,-0.016378000000000004,-0.016378000000000004,0.016378000000000004,0.016378000000000004,-0.016378000000000004,0.016378000000000004,-0.016378000000000004,0.016378000000000004,-0.016378000000000004,0,-0.003980000000000011,-0.003980000000000011,-0.003980000000000011,0.003980000000000011,0,-0.003980000000000011,0.003980000000000011,-0.003980000000000011,0.003980000000000011,-0.003980000000000011
91,0,0,0,0,0,0,0,0,0,0,0,0,0,0,0,0,0,0,0,0,0,0
608,0,0,0,0,0,0,0,0,0,0,0,0,0,0,0,0,0,0,0,0,0,0
60,0.01011200000000001,-0.01011200000000001,0.01011200000000001,-0.01011200000000001,0.01011200000000001,0.01011200000000001,0.01011200000000001,-0.01011200000000001,0.01011200000000001,0.01011200000000001,-0.01011200000000001,0,-0.003599999999999992,-0.003599999999999992,0,0,0,0,0,0,0.003599999999999992,-0.003599999999999992
158,0,0,0,0,0,0,0,0,0,0,0,0,0,0,0,0,0,0,0,0,0,0
156,0.002804000000000001,-0.002804000000000001,0.002804000000000001,-0.002804000000000001,0.002804000000000001,0.002804000000000001,0.002804000000000001,-0.002804000000000001,0.002804000000000001,0.002804000000000001,-0.002804000000000001,0,-0.0012999999999999956,0,0,0,0,0,0,0,0,0
498,0.024899999999999922,-0.024899999999999922,0.024899999999999922,-0.024899999999999922,0.024899999999999922,0.024899999999999922,0.024899999999999922,-0.024899999999999922,0.024899999999999922,-0.024899999999999922,-0.024899999999999922,0,-0.020279999999999965,-0.020279999999999965,-0.020279999999999965,0.020280000000000076,0,0,0.020280000000000076,-0.020279999999999965,0.020280000000000076,-0.020279999999999965
580,0.025439999999999907,-0.025439999999999907,-0.025439999999999907,-0.025439999999999907,0.025439999999999907,0.025439999999999907,-0.025439999999999907,0.025439999999999907,-0.025439999999999907,0.025439999999999907,-0.025439999999999907,0,-0.00816,-0.00816,-0.00816,0.00816,0,-0.00816,0.00816,-0.00816,0.00816,-0.00816
229,0,0,0,0,0,0,0,0,0,0,0,0,0,0,0,0,0,0,0,0,0,0
661,0.012113999999999958,-0.012113999999999958,-0.012113999999999958,-0.012113999999999958,0.012113999999999958,0.012113999999999958,0.012113999999999958,0.012113999999999958,-0.012113999999999958,0.012113999999999958,-0.012113999999999958,0,0,0,0,0,0,0,0,0,0,0
420,0,0,0,0,0,0,0,0,0,0,0,0,0,0,0,0,0,0,0,0,0,0
587,0,0,0,0,0,0,0,0,0,0,0,0,0,0,0,0,0,0,0,0,0,0
220,0,0,0,0,0,0,0,0,0,0,0,0,0,0,0,0,0,0,0,0,0,0
348,0,0,0,0,0,0,0,0,0,0,0,0,0,0,0,0,0,0,0,0,0,0
22,0,0,0,0,0,0,0,0,0,0,0,0,0,0,0,0,0,0,0,0,0,0
11,0,0,0,0,0,0,0,0,0,0,0,0,0,0,0,0,0,0,0,0,0,0
144,0,0,0,0,0,0,0,0,0,0,0,0,0,0,0,0,0,0,0,0,0,0
649,0,-0.0007399999999999976,0.0007399999999999976,-0.0007399999999999976,0.0007399999999999976,0.0007399999999999976,0.0007399999999999976,-0.0007399999999999976,0.0007399999999999976,0.0007399999999999976,-0.0007399999999999976,0,0,0,0,0,0,0,0,0,0,0
271,0,0,0,0,0,0,0,0,0,0,0,0,0,0,0,0,0,0,0,0,0,0
383,0.02732000000000001,-0.02732000000000001,-0.02732000000000001,-0.02732000000000001,0.02732000000000001,0.02732000000000001,-0.02732000000000001,0.02732000000000001,-0.02732000000000001,0.02732000000000001,-0.02732000000000001,0,-0.005799999999999972,-0.005799999999999972,-0.005799999999999972,0.005799999999999972,0,-0.005799999999999972,0.005799999999999972,-0.005799999999999972,0.005799999999999972,-0.005799999999999972
540,0,0,0,0,0,0,0,0,0,0,0,0,0,0,0,0,0,0,0,0,0,0
434,0,0,0,0,0,0,0,0,0,0,0,0,0,0,0,0,0,0,0,0,0,0
324,0,0.001801999999999998,-0.001801999999999998,-0.001801999999999998,-0.001801999999999998,-0.001801999999999998,0,-0.001801999999999998,0.001801999999999998,-0.001801999999999998,0.001801999999999998,0,0,0,0,0,0,0,0,0,0,0
483,0,0,0,0,0,0,0,0,0,0,0,0,0,0,0,0,0,0,0,0,0,0
604,0,0,0,0,0,0,0,0,0,0,0,0,0,0,0,0,0,0,0,0,0,0
277,0,0,0,0,0,0,0,0,0,0,0,0,0,0,0,0,0,0,0,0,0,0
398,0.014036000000000048,-0.014036000000000048,0.014036000000000048,-0.014036000000000048,0.014036000000000048,0.014036000000000048,0.014036000000000048,0.014036000000000048,-0.014036000000000048,0.014036000000000048,-0.014036000000000048,0,-0.003899999999999987,-0.003899999999999987,0,0,0,-0.003899999999999987,0.003899999999999987,-0.003899999999999987,0.003899999999999987,-0.003899999999999987
490,0,0,0,0,0,0,0,0,0,0,0,0,0,0,0,0,0,0,0,0,0,0
16,0,0,0,0,0,0,0,0,0,0,0,0,0,0,0,0,0,0,0,0,0,0
331,0.026680000000000037,-0.026680000000000037,-0.026680000000000037,-0.026680000000000037,0.026680000000000037,0.026680000000000037,0.026680000000000037,0.026680000000000037,-0.026680000000000037,0.026680000000000037,-0.026680000000000037,0,-0.005879999999999996,-0.005879999999999996,-0.005879999999999996,0.005879999999999996,0,-0.005879999999999996,0.005879999999999996,-0.005879999999999996,0.005879999999999996,-0.005879999999999996
506,0,0,0,0,0,0,0,0,0,0,0,0,0,0,0,0,0,0,0,0,0,0
40,0.0041039999999999965,-0.0041039999999999965,-0.0041039999999999965,-0.0041039999999999965,0.0041039999999999965,0.0041039999999999965,0.0041039999999999965,0.0041039999999999965,-0.0041039999999999965,0.0041039999999999965,-0.0041039999999999965,0,0,0,0,0,0,0,0,0,0,0
72,0,0,0,0,0,0,0,0,0,0,0,0,0,0,0,0,0,0,0,0,0,0
627,0,0,0,0,0,0,0,0,0,0,0,0,0,0,0,0,0,0,0,0,0,0
667,0,0,0,0,0,0,0,0,0,0,0,0,0,0,0,0,0,0,0,0,0,0
563,0.009510000000000018,-0.009510000000000018,-0.009510000000000018,-0.009510000000000018,0.009510000000000018,0.009510000000000018,-0.009510000000000018,0.009510000000000018,-0.009510000000000018,0.009510000000000018,-0.009510000000000018,0,-0.0035600000000000076,-0.0035600000000000076,-0.0035600000000000076,0.0035600000000000076,0,-0.0035600000000000076,0.0035600000000000076,-0.0035600000000000076,0.0035600000000000076,-0.0035600000000000076
472,0,0,0,0,0,0,0,0,0,0,0,0,0,0,0,0,0,0,0,0,0,0
524,0.007487999999999995,-0.007487999999999995,0.007487999999999995,-0.007487999999999995,0.007487999999999995,0.007487999999999995,0.007487999999999995,-0.007487999999999995,0.007487999999999995,0.007487999999999995,-0.007487999999999995,0,0,0,0,0,0,0,0,0,0,0
128,0,-0.0007339999999999985,-0.0007339999999999985,-0.0007339999999999985,0.0007339999999999985,0.0007339999999999985,0,0.0007339999999999985,-0.0007339999999999985,0.0007339999999999985,-0.0007339999999999985,0,-0.0003720000000000008,-0.0003720000000000008,0,0,0,0,0.0003720000000000008,-0.0003720000000000008,0.0003720000000000008,0
655,0.005126000000000019,0.005126000000000019,-0.005126000000000019,-0.005126000000000019,-0.005126000000000019,-0.005126000000000019,-0.005126000000000019,-0.005126000000000019,0.005126000000000019,-0.005126000000000019,0.005126000000000019,0,0,0,0,0,0,0,0,0,0,0
145,0,0,0,0,0,0,0,0,0,0,0,0,0,0,0,0,0,0,0,0,0,0
36,0,0,0,0,0,0,0,0,0,0,0,0,0,0,0,0,0,0,0,0,0,0
571,0,0,0,0,0,0,0,0,0,0,0,0,0,0,0,0,0,0,0,0,0,0
138,0,0,0,0,0,0,0,0,0,0,0,0,0,0,0,0,0,0,0,0,0,0
95,0.022820000000000062,0.022820000000000062,-0.022820000000000062,-0.022820000000000062,-0.022820000000000062,-0.022820000000000062,-0.022820000000000062,-0.022820000000000062,0.022820000000000062,-0.022820000000000062,0.022820000000000062,0,-0.00470000000000001,0,0,-0.00470000000000001,0.00470000000000001,0,0,0,0.00470000000000001,0.00470000000000001
336,0,0,0,0,0,0,0,0,0,0,0,0,0,0,0,0,0,0,0,0,0,0
603,0,0,0,0,0,0,0,0,0,0,0,0,0,0,0,0,0,0,0,0,0,0
294,0,0,0,0,0,0,0,0,0,0,0,0,0,0,0,0,0,0,0,0,0,0
353,0,0,0,0,0,0,0,0,0,0,0,0,0,0,0,0,0,0,0,0,0,0
670,0,0,0,0,0,0,0,0,0,0,0,0,0,0,0,0,0,0,0,0,0,0
414,0,0,0,0,0,0,0,0,0,0,0,0,0,0,0,0,0,0,0,0,0,0
232,0,0,0,0,0,0,0,0,0,0,0,0,0,0,0,0,0,0,0,0,0,0
407,0,0,0,0,0,0,0,0,0,0,0,0,0,0,0,0,0,0,0,0,0,0
